source,target
/10-ways-support-loved-one-lost-someone-suicide,/story/10-ways-to-support-a-loved-one-who-has-lost-someone-to-suicide
/2017,https://annual2019.afsp.org
/2018mortalitydata,/story/cdc-releases-new-mortality-data-nation-s-largest-suicide-prevention-organization
/2018report,https://annual2018.afsp.org
/2019report,https://annual2019.afsp.org
/22fitnessWOD,https://afsp.donordrive.com/event/22fitnessWOD
/46Climbs,https://afsp.donordrive.com/event/46Climbs
/9-suggestions-parents-lost-child-suicide,/story/9-suggestions-for-other-parents-who-have-lost-a-child-to-suicide
/a-letter-to-brad-twenty-years-later,/story/a-letter-to-brad-twenty-years-later
/aberdeen,https://afsp.donordrive.com/event/aberdeen
/aberdeensd,https://afsp.donordrive.com/event/aberdeensd
/abftfargo,https://afsp.wufoo.com/forms/m1eer3pd0akzv71/
/about-afsp/annual-reports,https://annual2019.afsp.org
/about-afsp/annual-reports/annual-report-2018,https://annual2018.afsp.org
/about-afsp/contact,/about-afsp#contact-our-national-office
/about-afsp/financials,/financials
/about-afsp/jobs,/jobs-and-internships
/about-suicide,/learn-the-facts
/about-suicide/for-journalists,/for-journalists
/about-suicide/lgbtq-suicide-suicide-risk,/lgbtq-suicide-and-suicide-risk
/about-suicide/preventing-suicide,/treatment
/about-suicide/risk-factors-and-warning-signs,/risk-factors-and-warning-signs
/about-suicide/state-fact-sheets,/state-fact-sheets
/about-suicide/suicide-statistics,/suicide-statistics
/acadiana,https://afsp.donordrive.com/event/acadiana
/actioncenter,/public-policy-action-center
/acton,https://afsp.donordrive.com/event/acton
/ACU,https://afsp.donordrive.com/event/acu
/advice-talking-someone-suicidal-thoughtsfrom-someone-whos-suicidal-thoughts,/story/advice-on-talking-to-someone-with-suicidal-thoughts-from-someone-who-s-had-suicid
/advocacyresources,/resources-for-advocates
/advocate,/become-a-suicide-prevention-public-policy-advocate
/advocating-for-a-simpler-way-to-get-help,/story/advocating-for-a-simpler-way-to-get-help
/ae,https://afsp.donordrive.com/event/AE
/aetna,https://afsp.donordrive.com/aetna
/afsp-greater-boston,/chapter/massachusetts
/afspforum16,/public-policy-events
/afspforum17,/public-policy-events
/afspforum17,/public-policy-events
/afspinot,https://afsp.donordrive.com/event/AFSPinot
/afteraLoss,/ive-lost-someone
/afteranattempt,/after-an-attempt
/afterasuicide,/after-a-suicide-a-toolkit-for-schools
/afterasuicidetoolkit,/after-a-suicide-a-toolkit-for-schools
/ahs,https://afsp.donordrive.com/event/ahs
/aiken,https://afsp.donordrive.com/event/aiken
/alabama,/chapter/alabama
/AlabamaLGBTQ,https://afsp.wufoo.com/forms/z5ih1tw0u1y09v/
/alaska,/chapter/alaska
/AlbanyTraining,https://afsp.wufoo.com/forms/suicide-bereavement-clinician-training-albany-ny/
/AlbanyWorkshop,https://afsp.wufoo.com/forms/workshop-for-survivors-of-suicide-loss-albany-ny/
/AlbertLea,https://afsp.donordrive.com/event/AlbertLea
/ALBQ,https://afsp.donordrive.com/event/albq
/Albuquerque,https://afsp.donordrive.com/event/ALBQ
/Allergan,https://afsp.donordrive.com/index.cfm?fuseaction=cms.page&id=1275&eventGroupID=9AA117B3-F522-BB6D-359D1AA2D75A7958
/alliance,https://afsp.donordrive.com/event/alliance
/Alverno,https://afsp.donordrive.com/event/Alverno
/amarillo,https://afsp.donordrive.com/event/amarillo
/AmeliaSchools,https://afsp.donordrive.com/event/ameliaschools
/AmesburyMA,https://afsp.donordrive.com/event/AmesburyMA
/amillionlittlethings,https://afsp.donordrive.com/index.cfm?fuseaction=donorDrive.team&teamID=246528
/an-open-letter-from-a-grieving-sibling,/story/an-open-letter-from-a-grieving-sibling
/Anchorage,https://afsp.donordrive.com/event/anchorage
/anderson,https://afsp.donordrive.com/event/anderson
/annapolis,https://afsp.donordrive.com/event/annapolis
/annarbor,https://afsp.donordrive.com/event/annarbor
/annual2017,https://annual2019.afsp.org
/annual2018,https://annual2018.afsp.org
/annual2019?,https://annual2019.afsp.org
/annualreport,https://annual2019.afsp.org
/antigo,https://afsp.donordrive.com/event/antigo
/AntigoHike,https://afsp.donordrive.com/index.cfm?fuseaction=donorDrive.event&eventID=5856
/ApalacheeHS,https://afsp.donordrive.com/event/apalacheehs
/apparel,https://stores.kotisdesign.com/afspexternal/apparel
/appstate,https://afsp.donordrive.com/event/appstate
/arapahoe,https://afsp.donordrive.com/event/arapahoe
/Arcata,https://afsp.donordrive.com/event/arcata
/ardmore,https://afsp.donordrive.com/event/ardmore
/arizona,/chapter/arizona
/arkansas,/chapter/arkansas
/arkansasparticipant,https://www.surveymonkey.com/r/JBFVYSM
/arkansasparticipant1,https://docs.google.com/forms/d/e/1FAIpQLSfXJQ4R4Qac3eto-rx1BXLUndSpfhFhZLptFxtqrmCV6j8Alg/viewform
/ARsoulshop,https://afsp.wufoo.com/forms/z1hpdlwj0sl4g0m/
/ARwalks/?$,https://afsp.donordrive.com/index.cfm?fuseaction=donorDrive.eventList&eventGroupID=9AA117B3-F522-BB6D-359D1AA2D75A7958&state=AR
/ASD,https://afsp.donordrive.com/event/asd
/asheville,https://afsp.donordrive.com/event/asheville
/ashland,https://afsp.donordrive.com/event/ashland
/ask-dr-jill-does-mental-illness-play-a-role-in-suicide,/story/ask-dr-jill-does-mental-illness-play-a-role-in-suicide
/assumption,https://afsp.donordrive.com/event/assumption
/astate,https://afsp.donordrive.com/index.cfm?fuseaction=donorDrive.event&eventID=4397
/astate?,https://afsp.donordrive.com/event/astate
/asu,https://afsp.donordrive.com/event/asu
/Atchison,https://afsp.donordrive.com/event/Atchison
/atlanta,https://afsp.donordrive.com/event/atlanta
/atlantap4p,https://afsp.donordrive.com/event/AtlantaP4P
/AtlanticCape,https://afsp.donordrive.com/event/AtlanticCape
/atu,https://afsp.donordrive.com/event/atu
/AU,https://afsp.donordrive.com/event/AU
/AUDC,https://afsp.donordrive.com/event/AUDC
/augusta,https://afsp.donordrive.com/event/augusta
/Austin,https://afsp.donordrive.com/event/austin
/AustinMN,https://afsp.donordrive.com/event/austinmn
/AZwalks,https://afsp.donordrive.com/index.cfm?fuseaction=donorDrive.eventList&eventGroupID=9AA117B3-F522-BB6D-359D1AA2D75A7958&state=AZ
/baltimore,https://afsp.donordrive.com/event/baltimore
/bandtogether,https://afsp.donordrive.com/event/bandtogether
/Bangor,https://afsp.donordrive.com/event/Bangor
/BarrowCounty/?$,https://afsp.donordrive.com/event/BarrowCounty
/BatesvilleHS,https://afsp.donordrive.com/event/BatesvilleHS
/bath,https://afsp.donordrive.com/event/midcoastmaine
/BatonRouge,https://afsp.donordrive.com/event/BatonRouge
/baylor,https://afsp.donordrive.com/event/baylor
/BayouRegion,https://afsp.donordrive.com/event/BayouRegion
/beatrice,https://afsp.donordrive.com/event/beatrice
/beaumont,https://afsp.donordrive.com/event/beaumont
/becomeanadvocate,/become-a-suicide-prevention-public-policy-advocate
/bedfordco,https://afsp.donordrive.com/event/bedfordco
/bedfordtwp,https://afsp.donordrive.com/event/BedfordTwp
/bellcity,https://afsp.donordrive.com/event/bellcity
/bend,https://afsp.donordrive.com/event/bend
/benescobar,https://afsp.donordrive.com/index.cfm?fuseaction=donorDrive.participant&participantID=1956097
/bentonville,https://afsp.donordrive.com/event/bentonville
/BergenCo,https://afsp.donordrive.com/event/BergenCo
/Berkeley,https://afsp.donordrive.com/event/berkeley
/berkshirecounty,https://afsp.donordrive.com/event/berkshirecounty
/BethelVT,https://afsp.donordrive.com/event/BethelVT
/beulah,https://afsp.donordrive.com/event/beulah
/bhhs?,https://afsp.donordrive.com/event/bhhs
/BiddefordABFT,https://afsp.wufoo.com/forms/zg8j8gs1n2zg8q/
/BIG100,https://afsp.donordrive.com/index.cfm?fuseaction=donorDrive.team&teamID=227667
/bigisland,https://afsp.donordrive.com/event/bigisland
/Binghamton,https://afsp.donordrive.com/event/Binghamton
/birmingham,https://afsp.donordrive.com/event/birmingham
/bismarck,https://afsp.donordrive.com/event/bismarck
/BlackHills,https://afsp.donordrive.com/event/BlackHills
/Blair,https://afsp.donordrive.com/event/blair
/blogsubmission,/sharingyourstory
/blogsubmissionguidelines,/sharingyourstory
/bloomington,https://afsp.donordrive.com/event/bloomington
/BloomingtonNormal,https://afsp.donordrive.com/event/bloomingtonnormal
/bloomsburg,https://afsp.donordrive.com/event/bloomsburg
/BlueValleyNorthHS,https://afsp.donordrive.com/event/BlueValleyNorthHS
/Bodhi,https://afsp.donordrive.com/index.cfm?fuseaction=donorDrive.participant&participantID=2029886
/boise,https://afsp.donordrive.com/event/TreasureValley
/bonham,https://afsp.donordrive.com/event/bonham
/books,/books-loss-survivors
/boston,/chapter/massachusetts
/bostonwalk,https://afsp.donordrive.com/event/bostonwalk
/BowlingGreen,https://afsp.donordrive.com/event/BowlingGreen
/boxelder,https://afsp.donordrive.com/event/boxelder
/bozeman,https://afsp.donordrive.com/event/bozeman
/bradfordco,https://afsp.donordrive.com/event/athenspa
/BranchCo,https://afsp.donordrive.com/event/branchco
/brandywine,https://afsp.donordrive.com/event/brandywine
/Brevard,https://afsp.donordrive.com/event/Brevard
/bridgew,https://afsp.donordrive.com/event/bridgew
/bristol,https://afsp.donordrive.com/event/bristol
/BristolVA,https://afsp.donordrive.com/event/BristolVA
/brockport,https://afsp.donordrive.com/event/brockport
/bronx,https://afsp.donordrive.com/event/bronx
/Brookfield,https://afsp.donordrive.com/event/Brookfield
/brookfieldny?,https://afsp.donordrive.com/event/brookfieldny
/brooklyn,https://afsp.donordrive.com/event/brooklyn
/BroomeCounty,https://afsp.donordrive.com/event/broomecounty
/broward,https://afsp.donordrive.com/event/broward
/bryanths,https://afsp.donordrive.com/event/bryanths
/bsshs,https://afsp.donordrive.com/event/bsshs
/bu,https://afsp.donordrive.com/event/bu
/buffalo,https://afsp.donordrive.com/event/buffalo
/burlington,https://afsp.donordrive.com/event/burlington
/burlingtonco,https://afsp.donordrive.com/event/burlingtonco
/Butler,https://afsp.donordrive.com/event/butler
/butlermemorialride,https://afsp.donordrive.com/index.cfm?fuseaction=donorDrive.event&eventID=4894
/Butte,https://afsp.donordrive.com/event/Butte
/ca22,https://afsp.donordrive.com/index.cfm?fuseaction=cms.page&id=1293&version=86F45105-CC87-CE6D-2159AE028F72F05B
/CA23,https://afsp.donordrive.com/index.cfm?fuseaction=cms.page&id=1293&preview=true
/cabotschools,https://afsp.donordrive.com/event/cabotschools
/CAevalLGBTQ,https://www.surveymonkey.com/r/SM7TZW2
/calais,https://afsp.donordrive.com/event/calais
/CaliLGBTQ,https://afsp.wufoo.com/forms/zgfaox108rc1lk/
/cambria,https://afsp.donordrive.com/event/Johnstown
/camden,https://afsp.donordrive.com/event/camden
/campaigns/project-2025,https://project2025.afsp.org
/campaigns/shareable-images,/social-shareables
/campaigns/sharing-your-story,/sharingyourstory
/campaigns/talk-about-mental-health-awareness/teens-and-suicide-what-parents-should-know,/teens-and-suicide-what-parents-should-know
/campbellco?,https://afsp.donordrive.com/event/campbellco
/campuscustom,https://afsp.donordrive.com/CampusCustom
/campuswalks,https://campuswalks.org
/campuswalksmanual,https://chapterland.org/operations/campus-walks-manual/
/capecodcampus,https://afsp.donordrive.com/event/capecodcampus
/CapeGirardeau,https://afsp.donordrive.com/event/CapeGirardeau
/capitalregionny,/chapter/capital-region-new-york
/CapitalRegionWalk,https://afsp.donordrive.com/event/RITA
/carlisle,https://afsp.donordrive.com/event/carlisle
/CarrollCounty,https://afsp.donordrive.com/event/CarrollCounty
/CarrollCountyKY,https://afsp.donordrive.com/event/CarrollCountyKY
/Carteret,https://afsp.donordrive.com/event/Carteret
/carthage,https://afsp.donordrive.com/event/carthage
/CatonsvilleABFT,https://afsp.wufoo.com/forms/zb8t8zy1i7tsz1/
/ccacsouth,https://afsp.donordrive.com/event/ccacsouth
/cedarcity,https://afsp.donordrive.com/event/cedarcity
/cedarcrest,https://afsp.donordrive.com/event/cedarcrest
/central,https://afsp.donordrive.com/event/central
/CentralARHike,https://afsp.donordrive.com/index.cfm?fuseaction=donorDrive.event&eventID=6209
/centralarhike,https://afsp.donordrive.com/index.cfm?fuseaction=donorDrive.event&eventID=6674
/centralcarolina,https://afsp.donordrive.com/event/centralcarolina
/centralcsd?,https://afsp.donordrive.com/event/centralcsd
/centralflorida,/chapter/central-florida/
/centralIA,https://afsp.donordrive.com/event/centralIA
/centralma,https://afsp.donordrive.com/event/centralma
/centralms,https://afsp.donordrive.com/event/centralms
/CentralMT,https://afsp.donordrive.com/event/CentralMT
/centralnewjersey,/chapter/new-jersey
/centralny,/chapter/central-new-york
/centralpa,/chapter/eastern-pennsylvania
/CentralPiedmont,https://afsp.donordrive.com/event/CentralPiedmont
/centraltexas,/chapter/central-texas
/centralvalley,/chapter/central-valley-california
/CentralWV,https://afsp.donordrive.com/event/CentralWV
/centre,https://afsp.donordrive.com/event/centre
/cfl,/chapter/central-florida
/challengecoin,https://afsp.donordrive.com/index.cfm?fuseaction=donorDrive.participant&participantID=1308176
/champaignurbana,https://afsp.donordrive.com/event/champaignurbana
/chapter/afsp-central-new-jersey,/chapter/new-jersey
/chapter/afsp-central-pennsylvania,/chapter/eastern-pennsylvania
/chapter/afsp-florida-southeast,/chapter/southeast-florida
/chapter/afsp-florida-southwest,/chapter/southwest-florida
/chapter/afsp-greater-boston,/chapter/massachusetts
/chapter/afsp-greater-lehigh-valley-pennsylvania,/chapter/eastern-pennsylvania
/chapter/afsp-greater-northeast-pennsylvania,/chapter/eastern-pennsylvania
/chapter/afsp-hudson-valley,/chapter/hudson-valley-westchester
/chapter/afsp-memphis-mid-south,/chapter/tennessee
/chapter/afsp-metro-detroit-ann-arbor,/chapter/michigan
/chapter/afsp-middle-tennessee,/chapter/tennessee
/chapter/afsp-northern-connecticut,/chapter/connecticut
/chapter/afsp-northern-new-jersey,/chapter/new-jersey
/chapter/afsp-south-central-pennsylvania,/chapter/eastern-pennsylvania
/chapter/afsp-southern-connecticut,/chapter/connecticut
/chapter/afsp-westchester,/chapter/hudson-valley-westchester
/chapter/afsp-western-massachusetts,/chapter/massachusetts
/chapters,/find-a-local-chapter
/CharlesCity,https://afsp.donordrive.com/event/CharlesCity
/charleston,https://afsp.donordrive.com/event/charleston
/charlestonwv,https://afsp.donordrive.com/event/charlestonwv
/charlotte,https://afsp.donordrive.com/event/charlotte
/CharlotteABFT,https://afsp.wufoo.com/forms/z1sh5voq1sqnsl0/
/CharlotteCo,https://afsp.donordrive.com/event/CharlotteCo
/chatham,https://afsp.donordrive.com/event/chatham
/chathamtwp,https://afsp.donordrive.com/event/chathamtwp
/chattanooga,https://afsp.donordrive.com/event/chattanooga
/chesterton,https://afsp.donordrive.com/event/chesterton
/Chicago,https://afsp.donordrive.com/event/chicago
/chico,https://afsp.donordrive.com/event/chico
/child-lost-parent-suicide,/story/from-a-child-who-lost-a-parent-to-suicide
/cincinnati,https://afsp.donordrive.com/event/Cincinnatiwalk
/cincinnatiwalk,https://afsp.donordrive.com/event/Cincinnatiwalk
/clarksville,https://afsp.donordrive.com/index.cfm?fuseaction=donorDrive.event&eventID=4395
/Clarksville/?$,https://afsp.donordrive.com/event/Clarksville
/clemson,https://afsp.donordrive.com/event/clemson
/cleveland,https://afsp.donordrive.com/event/cleveland
/ClintonCounty,https://afsp.donordrive.com/event/ClintonCounty
/clovis,https://afsp.donordrive.com/event/clovis
/clu,https://afsp.donordrive.com/event/clu
/cnu,https://afsp.donordrive.com/event/cnu
/CNYGetaway,https://afsp.donordrive.com/index.cfm?fuseaction=donorDrive.event&eventID=4417
/coachella,https://afsp.donordrive.com/event/coachella
/coastal,https://afsp.donordrive.com/event/coastal
/ColletonCo,https://afsp.donordrive.com/event/ColletonCo
/colorado,/chapter/colorado
/ColoradoWalks,https://afsp.donordrive.com/index.cfm?fuseaction=donorDrive.eventList&eventGroupID=9AA117B3-F522-BB6D-359D1AA2D75A7958&state=CO
/colstrip,https://afsp.donordrive.com/event/colstrip
/columbia,https://afsp.donordrive.com/event/columbia
/columbiacountyor,https://afsp.donordrive.com/event/columbiacountyor
/ColumbiaGreene,https://afsp.donordrive.com/event/ColumbiaGreene
/columbiamo,https://afsp.donordrive.com/event/columbiamo
/columbus,https://afsp.donordrive.com/event/columbus
/ColumbusGA,https://afsp.donordrive.com/event/ColumbusGA
/ColumbusIN,https://afsp.donordrive.com/event/ColumbusIN
/columbusin,https://afsp.donordrive.com/event/columbusin
/ColumbusNE,https://afsp.donordrive.com/event/ColumbusNE
/communications/sponsorship-or-endorsement-request,/sponsorship-or-endorsement-request
/CommunityCustom,https://afsp.donordrive.com/index.cfm?fuseaction=cms.page&id=1472&eventID=5544
/communitywalk,"https://afsp.donordrive.com/index.cfm?fuseaction=donorDrive.eventList&eventType=P,T&eventGroupID=9AA117B3-F522-BB6D-359D1AA2D75A7958"
/concordnh,https://afsp.donordrive.com/event/concordnh
/connecticut,/chapter/connecticut
/Connersville,https://afsp.donordrive.com/event/connersville
/CoosCounty,https://afsp.donordrive.com/event/CoosCounty
/covid-19,/mental-health-and-covid-19
/covid19,/mental-health-and-covid-19
/cps,https://afsp.donordrive.com/event/cps
/crawfordcounty,https://afsp.donordrive.com/event/crawfordcounty
/Crawfordsville,https://afsp.donordrive.com/index.cfm?fuseaction=donorDrive.event&eventID=4429
/CrisisLinesWebinar,https://register.gotowebinar.com/register/490824590639560459
/crisistextline,https://afsp.donordrive.com/index.cfm?fuseaction=cms.page&id=1499&eventGroupID=9AA117B3-F522-BB6D-359D1AA2D75A7958&eventID=5960
/crnyhike,https://afsp.donordrive.com/index.cfm?fuseaction=donorDrive.event&eventID=7155
/CSMDLeonardtown,https://afsp.donordrive.com/event/CSMDLeonardtown
/CSUOhio,https://afsp.donordrive.com/event/CSUOhio
/CSUS,https://afsp.donordrive.com/event/CSUS
/CTHikeforHope,https://afsp.donordrive.com/event/CTHikeforHope
/CTwalks,https://afsp.donordrive.com/index.cfm?fuseaction=donorDrive.eventList&eventGroupID=9AA117B3-F522-BB6D-359D1AA2D75A7958&state=CT
/ctwalks,"https://afsp.donordrive.com/index.cfm?fuseaction=donorDrive.eventList&eventType=P,T&eventGroupID=9AA117B3-F522-BB6D-359D1AA2D75A7958&state=CT"
/CultureFeedback,https://goo.gl/forms/iJgBEXpipsg44cM73
/CumberlandCounty,https://afsp.donordrive.com/event/cumberlandcounty
/currie,https://afsp.donordrive.com/event/currie
/cusd,https://afsp.donordrive.com/event/cusd
/dallaslgbtq,https://afsp.wufoo.com/forms/zhgpyg11e25l86/
/DallasWalk,https://afsp.donordrive.com/event/DallasWalk
/daltonga,https://afsp.donordrive.com/event/daltonGA
/danbury,https://afsp.donordrive.com/event/danbury
/danville,https://afsp.donordrive.com/event/danville
/daphne,https://afsp.donordrive.com/event/daphne
/dartmouth,https://afsp.donordrive.com/event/dartmouth
/dayton,https://afsp.donordrive.com/event/dayton
/daytonastate,https://afsp.donordrive.com/event/daytonastate
/DC,https://afsp.donordrive.com/event/DC
/dc101,https://afsp.donordrive.com/index.cfm?fuseaction=donorDrive.team&teamID=252858
/DCbikerun,https://afsp.donordrive.com/event/DCBikeRun
/dd2019,https://afsp.donordrive.com/index.cfm?fuseaction=donorDrive.event&eventID=6183
/dekalb,https://afsp.donordrive.com/event/dekalb
/delaware,/chapter/delaware
/DelawareCounty,https://afsp.donordrive.com/event/DelawareCounty
/Denver,https://afsp.donordrive.com/event/denver
/DeSales,https://afsp.donordrive.com/event/DeSales
/DetroitSBCTP,https://afsp.wufoo.com/forms/z1cmlfcp1791rka/
/developmentstore,https://stores.kotisdesign.com/afspdev/products
/DevilsLake,https://afsp.donordrive.com/event/DevilsLake
/DFW,https://afsp.donordrive.com/index.cfm?fuseaction=cms.page&id=1484&eventGroupID=9AA117B3-F522-BB6D-359D1AA2D75A7958&cmsContentSetID=21937E3D-C299-258B-B47FF6955996ED6C
/DickinsonND,https://afsp.donordrive.com/event/DickinsonND
/DidYouKnow,/suicide-statistics
/District5SchoolsSC,https://afsp.donordrive.com/event/District5SchoolsSC
/dodgecounty,https://afsp.donordrive.com/event/dodgecounty
/donate,/give-a-gift
/dont-miss-mothers-day-mourning-mothers-death-suicide,/story/i-don-t-miss-mothers-day-mourning-a-mother-s-death-by-suicide
/DorchesterCo,https://afsp.donordrive.com/event/DorchesterCo
/dothan,https://afsp.donordrive.com/event/dothan
/dover,https://afsp.donordrive.com/event/dover
/downriver,https://afsp.donordrive.com/event/downriver
/dr-christine-moutier-discusses-managing-your-mental-health-on-cnn-town-hall,/story/dr-christine-moutier-discusses-managing-your-mental-health-on-cnn-town-hall
/duluth,https://afsp.donordrive.com/event/duluth
/duq,https://afsp.donordrive.com/event/duq
/dutchessulster,https://afsp.donordrive.com/event/dutchessulster
/DWU,https://afsp.donordrive.com/event/DWU
/EastEndLI,https://afsp.donordrive.com/event/EastEndLI
/EasternEssex,https://afsp.donordrive.com/event/EasternEssex
/easternmissouri,/chapter/eastern-missouri
/EasternMT,https://afsp.donordrive.com/event/EasternMT
/EasternNiagara,https://afsp.donordrive.com/event/EasternNiagara
/easternpa,/chapter/eastern-pennsylvania
/EasternPanhandleWV,https://afsp.donordrive.com/event/EasternPanhandleWV
/easthelena,https://afsp.donordrive.com/event/easthelena
/easton,https://afsp.donordrive.com/event/easton
/EauClaire,https://afsp.donordrive.com/event/EauClaire
/ebASIST,https://afsp.wufoo.com/forms/zw8irtf191r23f/
/edinburg,https://afsp.donordrive.com/event/edinburg
/ElizabethCity,https://afsp.donordrive.com/event/ElizabethCity
/elizabethtown,https://afsp.donordrive.com/event/elizabethtown
/elkcounty,https://afsp.donordrive.com/event/elkcounty
/ElPaso,https://afsp.donordrive.com/event/elpaso
/emeraldcoast,https://afsp.donordrive.com/event/emeraldcoast
/emerson,https://afsp.donordrive.com/event/emerson
/emporia,https://afsp.donordrive.com/event/emporia
/emporiastate,https://afsp.donordrive.com/event/emporiastate
/enid,https://afsp.donordrive.com/event/enid
/ENMU,https://afsp.donordrive.com/event/ENMU
/Erie,https://afsp.donordrive.com/event/erie
/essentials,https://stores.kotisdesign.com/afspexternal/essentials
/Eton,https://afsp.donordrive.com/event/Eton
/EtowahCounty,https://afsp.donordrive.com/event/EtowahCounty
/ETSU,https://afsp.donordrive.com/event/ETSU
/eugene,https://afsp.donordrive.com/event/eugene
/EventRequestForm,https://afsp.wufoo.com/forms/prevention-education-event-form/
/everett,https://afsp.donordrive.com/event/everett
/evhike4hope,https://afsp.donordrive.com/event/evhike4hope
/experience-going-emergency-room,/story/my-experience-going-to-the-emergency-room
/facilitatortraining,/facilitating-a-suicide-bereavement-support-group
/Fairbanks,https://afsp.donordrive.com/event/Fairbanks
/Fairfax,https://afsp.donordrive.com/event/fairfax
/Fairfield,https://afsp.donordrive.com/event/fairfield
/fairfieldcounty,https://afsp.donordrive.com/event/fairfieldcounty
/fargo,https://afsp.donordrive.com/event/fargo
/FargoRide,https://afsp.donordrive.com/event/FargoRide
/FargoWorkshop,https://afsp.wufoo.com/forms/ztp2z1l1g5xide/
/Farmington,https://afsp.donordrive.com/event/Farmington
/fau,https://afsp.donordrive.com/event/fau
/Fayetteville,https://afsp.donordrive.com/event/fayetteville
/FGCU,https://afsp.donordrive.com/event/fgcu
/films,https://stores.kotisdesign.com/afspexternal/films
/find-support,/get-help
/find-support/find-mental-health-professional,/find-a-mental-health-professional
/find-support/im-having-thoughts-of-suicide,/im-having-thoughts-of-suicide
/find-support/ive-lost-someone,/ive-lost-someone
/find-support/ive-lost-someone/digital-memory-quilt,/quilt
/find-support/ive-lost-someone/find-a-support-group,/find-a-support-group
/find-support/ive-lost-someone/healing-conversations,/healing-conversations
/find-support/ive-lost-someone/practical-information-for-immediately-after-a-loss,/practical-information-for-immediately-after-a-loss
/find-support/ive-lost-someone/resources-loss-survivors,/ive-lost-someone
/find-support/ive-lost-someone/resources-loss-survivors/books-loss-survivors,/books-for-loss-survivors
/find-support/ive-lost-someone/resources-loss-survivors/children-teens-suicide-loss,https://aws-fetch.s3.amazonaws.com/flipbooks/childrenteenssuicideloss/index.html
/find-support/ive-lost-someone/survivor-day,/international-survivors-of-suicide-loss-day
/find-support/ive-lost-someone/survivor-day/survivor-day-documentaries,/international-survivors-of-suicide-loss-day-documentaries
/find-support/ive-lost-someone/taking-care-of-yourself,/taking-care-of-yourself
/find-support/ive-made-attempt,/after-an-attempt
/find-support/ive-made-attempt/after-an-attempt,/after-an-attempt
/find-support/my-loved-one-made-attempt,/when-a-loved-one-has-made-an-attempt
/find-support/my-loved-one-made-attempt/loved-one-made-attempt,/when-a-loved-one-has-made-an-attempt
/find-support/resources,/suicide-prevention-resources
/find-support/when-someone-is-at-risk,/when-someone-is-at-risk
/findaprofessional,/find-a-mental-health-professional
/FindAProfessional,/find-mental-health-professional
/findsupport,/get-help
/FingerLakes,https://afsp.donordrive.com/event/FingerLakes
/firearms,/firearms-and-suicide-prevention-education-program
/fiu,https://afsp.donordrive.com/event/fiu
/five-biggest-myths-crisis-text-line,/story/the-five-biggest-myths-about-crisis-text-line
/flagler,https://afsp.donordrive.com/event/flagler
/flagstaff,https://afsp.donordrive.com/event/flagstaff
/FlatheadValley,https://afsp.donordrive.com/event/FlatheadValley
/floridaparticipant,https://docs.google.com/forms/d/e/1FAIpQLScIitg3NyAwiUffwAJrzUl8s-k9q6SqEgq9WE6TW35Hlaz7IA/viewform
/floridasoutheast,/chapter/southeast-florida
/flsouthwest,/chapter/southwest-florida
/forjournalists,/for-journalists
/FortCollins,https://afsp.donordrive.com/event/FortCollins
/forthood,https://afsp.donordrive.com/event/forthood
/FortSmith,https://afsp.donordrive.com/index.cfm?fuseaction=donorDrive.event&eventID=4451
/fortwayne,https://afsp.donordrive.com/event/fortwayne
/FortWorth,https://afsp.donordrive.com/event/fortworth
/forum16,/public-policy-events
/forum17,/public-policy-events
/forum18,/public-policy-events
/franklin,https://afsp.donordrive.com/event/franklin
/frederick,https://afsp.donordrive.com/event/frederick
/fredericksburg,https://afsp.donordrive.com/event/fredericksburg
/fredonia,https://afsp.donordrive.com/event/fredonia
/freeport,https://afsp.donordrive.com/event/freeport
/Fremont,https://afsp.donordrive.com/event/Fremont
/fresno,https://afsp.donordrive.com/event/fresno
/friendsofjeff,https://afsp.donordrive.com/index.cfm?fuseaction=donorDrive.team&teamID=252539
/fsu,https://afsp.donordrive.com/event/fsu
/FuquayVarina,https://afsp.donordrive.com/event/FuquayVarina
/furman,https://afsp.donordrive.com/event/Furman
/GainesvilleFL,https://afsp.donordrive.com/event/GainesvilleFL
/GainesvilleFL,https://afsp.donordrive.com/event/GainesvilleFL
/GainesvilleTX,https://afsp.donordrive.com/event/GainesvilleTX
/galaauction,https://forms.gle/i1iRijiX4kk767th7
/gallaudet,https://afsp.donordrive.com/event/gallaudet
/gardner,https://afsp.donordrive.com/event/gardner
/gaylord,https://afsp.donordrive.com/index.cfm?fuseaction=donorDrive.event&eventID=5047
/geneseo,https://afsp.donordrive.com/event/geneseo
/georgia,/chapter/georgia
/gibsoncounty,https://afsp.donordrive.com/event/gibsoncounty
/Girard,https://afsp.donordrive.com/event/Girard
/give,/give-a-gift
/givingtuesday,https://afsp.donordrive.com/index.cfm?fuseaction=donate.event&eventID=5849
/glendiveschools,https://afsp.donordrive.com/event/glendiveschools
/GloucesterCo,https://afsp.donordrive.com/event/GloucesterCo
/GLVWalk,https://afsp.donordrive.com/event/GLVWalk
/gmu,https://afsp.donordrive.com/event/gmu
/goldsboro,https://afsp.donordrive.com/event/goldsboro
/GorhamSchools,https://afsp.donordrive.com/event/GorhamSchools
/Gothenburg,https://afsp.donordrive.com/event/Gothenburg
/GrandIsland,https://afsp.donordrive.com/event/GrandIsland
/GrandRapids,https://afsp.donordrive.com/event/GrandRapids
/grandview,https://afsp.donordrive.com/event/grandview
/grantcategories,/research-grant-information
/grants,/research-grant-information
/greater-kansas,/chapter/greater-kansas
/greater-sacramento,/chapter/greater-sacramento
/greatermn,/chapter/greater-minnesota
/greaternepa,/chapter/eastern-pennsylvania
/greaterraleigh,https://afsp.donordrive.com/event/greaterraleigh
/greenbrier,https://afsp.donordrive.com/event/greenbrier
/greenfield,https://afsp.donordrive.com/event/greenfield
/greensboro,https://afsp.donordrive.com/event/greensboro
/grossepointe,https://afsp.donordrive.com/event/grossepointe
/GSV,https://afsp.donordrive.com/event/GSV
/gulfbreezehike?,https://afsp.donordrive.com/event/GulfBreezeHike
/gulfcoast,https://afsp.donordrive.com/event/gulfcoast
/gulfport,https://afsp.donordrive.com/event/gulfcoast
/gunnison,https://afsp.donordrive.com/event/gunnison
/hagerstown,https://afsp.donordrive.com/event/hagerstown
/halifaxcounty,https://afsp.donordrive.com/event/halifaxcounty
/hamburg,https://afsp.donordrive.com/event/Hamburg
/hamden,https://afsp.donordrive.com/event/hamden
/hamilton,https://afsp.donordrive.com/event/hamilton
/hamiltonhs?,https://afsp.donordrive.com/event/hamiltonhs
/hamptonroads,https://afsp.donordrive.com/index.cfm?fuseaction=cms.page&id=1284&eventGroupID=9AA117B3-F522-BB6D-359D1AA2D75A7958 
/harrisburg,https://afsp.donordrive.com/event/harrisburg
/HarrisburgGala,https://afsp.donordrive.com/index.cfm?fuseaction=donorDrive.event&eventID=5569
/hartford,https://afsp.donordrive.com/event/hartford
/HartfordArea,https://afsp.donordrive.com/event/hartfordarea
/hartwick?,https://afsp.donordrive.com/event/hartwick
/HavredeGrace,https://afsp.donordrive.com/event/HavredeGrace
/hawaii,/chapter/hawaii
/hays,https://afsp.donordrive.com/event/hays
/hazlet,https://afsp.donordrive.com/event/hazlet
/healingconversations,/healing-conversations
/helping-friend-crisis-text-line,/story/helping-a-friend-via-text-tips-from-crisis-text-line
/HenricoHS,https://afsp.donordrive.com/event/henricohs
/highlands,https://afsp.donordrive.com/event/highlands
/hikeburkelake,https://afsp.donordrive.com/event/HikeBurkeLake
/HikeForHope,"https://afsp.donordrive.com/index.cfm?fuseaction=donorDrive.eventList&eventType=P,T&eventGroupID=9AA1FFD9-F204-0EA0-86A84C4FE272F2F3"
/hikenh?,https://afsp.donordrive.com/event/HikeNH
/hikewc,https://afsp.donordrive.com/index.cfm?fuseaction=donorDrive.event&eventID=6794
/hiltonhead,https://afsp.donordrive.com/event/hiltonhead
/hoboken,https://afsp.donordrive.com/event/hoboken
/holyfamily,https://afsp.donordrive.com/event/holyfamily
/honolulu.hawaii,https://afsp.donordrive.com/event/honolulu_hawaii
/honorbeads,https://afsp.donordrive.com/index.cfm?fuseaction=cms.page&id=1510
/HopkinsvilleKY,https://afsp.donordrive.com/event/HopkinsvilleKY
/hotsprings,https://afsp.donordrive.com/event/HotSprings
/houston,https://afsp.donordrive.com/event/houston
/houstondogwalk,https://afsp.donordrive.com/event/houstondogwalk
/how-to-start-and-continue-a-conversation-about-mental-health-a-realconvo-guide-from-afsp,/story/how-to-start-and-continue-a-conversation-about-mental-health-a-realconvo-guide-fr
/HowardCo,https://afsp.donordrive.com/event/HowardCo
/howellhighschool?$,https://afsp.donordrive.com/event/howellhighschool
/HTSD,https://afsp.donordrive.com/event/HTSD
/hudsonvalley,/chapter/hudson-valley-westchester
/HuntingdonCounty,https://afsp.donordrive.com/event/HuntingdonCounty
/HuntingtonWV,https://afsp.donordrive.com/event/HuntingtonWV
/Huron,https://afsp.donordrive.com/event/Huron
/hvwestchester,/chapter/hudson-valley-westchester
/hws,https://afsp.donordrive.com/event/hws
/icar2e,https://www.acep.org/iCar2e/
/idaho,/chapter/idaho
/IE,https://afsp.donordrive.com/event/IE
/if-someone-tells-you-theyre-thinking-about-suicide-a-realconvo-guide-from-afsp,/story/if-someone-tells-you-they-re-thinking-about-suicide-a-realconvo-guide-from-afsp
/igiveboldly,https://afsp.donordrive.com/index.cfm?fuseaction=donate.event&eventID=6627
/iit,https://afsp.donordrive.com/event/iit
/illinois,/chapter/illinois
/illinoisparticipant,https://docs.google.com/forms/d/e/1FAIpQLScvQGwjyWZKPz3zvtNCtwchgpT8VXjNLdrscuIkw2No4UVOIg/viewform
/im-going-to-save-one-kid-because-i-lost-mine,/story/risk-and-protective-factors-for-suicide-among-adolescents-a-look-at-gender-identi
/immediately-after-a-loss,/practical-information-for-immediately-after-a-loss
/index.cfm,/
/indiana,/chapter/indiana
/indianaABFT,https://afsp.wufoo.com/forms/abft-workshop-indianapolis-in-11317/
/IndianaGBTQ,https://afsp.wufoo.com/forms/in-stronger-communities-lgbtq-suicide-prevention/
/IndianaLGBTQ,https://afsp.wufoo.com/forms/z1h0gz3613u3tjn/
/IndianaLGBTQeval,https://www.surveymonkey.com/r/CFQ2PXY
/indianapolis,https://afsp.donordrive.com/event/indianapolis
/indianawalks?,https://afsp.donordrive.com/index.cfm?fuseaction=donorDrive.eventList&eventGroupID=9AA117B3-F522-BB6D-359D1AA2D75A7958&state=IN
/IndianaWorkshop,https://afsp.wufoo.com/forms/workshop-for-survivors-of-suicide-loss-indiana/
/indyride2019,https://afsp.donordrive.com/event/IndyRide2019
/infocard,https://afsp.wufoo.com/forms/w14rc8c51wfq32a/
/inlandempire,/chapter/inland-empire-and-desert-cities
/inlandempiredc,/chapter/inland-empire-and-desert-cities
/InlandEmpirewalk,https://afsp.donordrive.com/event/IE
/inmemoryof,https://afsp.donordrive.com/index.cfm?fuseaction=donate.event&eventID=2078
/internalstore,https://stores.kotisdesign.com/afspinternal
/iowa,/chapter/iowa
/iowacity,https://afsp.donordrive.com/event/iowacity
/IowaState,https://afsp.donordrive.com/event/IowaState
/isp,/interactive-screening-program
/ISPforCollege,https://aws-fetch.s3.amazonaws.com/flipbooks/ispbrochure/index.html
/ISPforColleges,https://aws-fetch.s3.amazonaws.com/flipbooks/ispbrochure/index.html
/ISPforEAP,https://aws-fetch.s3.amazonaws.com/flipbooks/ispeap/index.html
/ISPforEAPs,https://aws-fetch.s3.amazonaws.com/flipbooks/ispeap/index.html
/ithaca,https://afsp.donordrive.com/event/ithaca
/its-okay-not-to-be-okay,/story/it-s-okay-not-to-be-okay
/itsreal,/its-real-college-students-and-mental-health
/ItsRealFacilitator,https://www.surveymonkey.com/r/K7QXFX3
/itsrealfilm,/its-real-college-students-and-mental-health
/ItsRealParticipant,https://www.surveymonkey.com/r/ItsRealParticipant
/iupui,https://afsp.donordrive.com/event/iupui
/IUS,https://afsp.donordrive.com/event/IUS
/JacksonCounty,https://afsp.donordrive.com/event/JacksonCounty
/JacksonTN,https://afsp.donordrive.com/event/JacksonTN
/jamesriverhs,https://afsp.donordrive.com/event/jamesriverhs
/Jamestown,https://afsp.donordrive.com/event/Jamestown
/jax,https://afsp.donordrive.com/event/jax
/jaxhike,https://afsp.donordrive.com/event/jaxhfh
/jcc,https://afsp.donordrive.com/event/jcc
/jeffersoncity,https://afsp.donordrive.com/event/jeffersoncity
/jeffersonmo,https://afsp.donordrive.com/event/jeffersonmo
/jeffersonor,https://afsp.donordrive.com/event/jeffersonor
/jerseyshore,https://afsp.donordrive.com/event/jerseyshore
/jhu,https://afsp.donordrive.com/event/jhu
/johnstown,https://afsp.donordrive.com/event/johnstown
/JoplinMO,https://afsp.donordrive.com/event/JoplinMO
/journalists,/for-journalists
/JTCONNECThike,https://afsp.donordrive.com/event/JTCONNECThike
/Juniata,https://afsp.donordrive.com/event/Juniata
/k-state,https://afsp.donordrive.com/event/k-state
/Kankakee,https://afsp.donordrive.com/event/kankakee
/kansas,/chapter/greater-kansas
/KansasCity,https://afsp.donordrive.com/event/kcmo
/KansasSBCTP,https://afsp.wufoo.com/forms/zopjcm1kljf6k/
/KansasWorkshop,https://afsp.wufoo.com/forms/z88j16i1igxlq4/
/kauai,https://afsp.donordrive.com/event/kauai
/KCMO,https://afsp.donordrive.com/event/KCMO
/kcride,https://afsp.donordrive.com/index.cfm?fuseaction=donorDrive.event&eventID=7064
/Kearney,https://afsp.donordrive.com/event/Kearney
/KeeneWalk,https://afsp.donordrive.com/event/KeeneWalk
/kellerisd,https://afsp.donordrive.com/event/kellerisd
/kenai,https://afsp.donordrive.com/event/kenai
/Kennesaw,https://afsp.donordrive.com/event/kennesaw
/kent,https://afsp.donordrive.com/event/kent
/kentucky,/chapter/kentucky
/Kern,https://afsp.donordrive.com/event/kern
/keywest,https://afsp.donordrive.com/event/keywest
/KeyWest,https://afsp.donordrive.com/event/KeyWest
/kitsap,https://afsp.donordrive.com/event/kitsap
/knoxville,https://afsp.donordrive.com/event/knoxville
/Kotiak,https://afsp.donordrive.com/event/Kodiak
/Kotiak,https://afsp.donordrive.com/event/Kodiak
/KoutsSchool,https://afsp.donordrive.com/event/KoutsSchool
/KU,https://afsp.donordrive.com/index.cfm?fuseaction=donorDrive.event&eventID=4433
/KurtSchreinerGolfTournament,https://afsp.donordrive.com/event/KurtSchreinerMemorial2017
/kutztown,https://afsp.donordrive.com/event/kutztown
/la,/chapter/greater-los-angeles
/laconia,https://afsp.donordrive.com/event/laconia
/lakecharles,https://afsp.donordrive.com/event/lakecharles
/lakeland,https://afsp.donordrive.com/event/lakeland
/lakeville,https://afsp.donordrive.com/event/lakeville
/lamarathon,https://afsp.donordrive.com/index.cfm?fuseaction=donorDrive.event&eventID=6507
/lander,https://afsp.donordrive.com/event/lander
/Lansing,https://afsp.donordrive.com/event/lansing
/LapeerCounty,https://afsp.donordrive.com/event/LapeerCounty
/Laramie,https://afsp.donordrive.com/event/laramie
/LarssenCounty,https://afsp.donordrive.com/event/LarssenCounty
/lasallecounty,https://afsp.donordrive.com/event/lasallecounty
/LasCruces,https://afsp.donordrive.com/event/LasCruces
/LAsoulshop,https://afsp.wufoo.com/forms/z242mfu0o8b9ot/
/LassenCo,https://afsp.donordrive.com/event/LassenCo
/laughsforlifeoc,https://afsp.donordrive.com/index.cfm?fuseaction=donordrive.event&eventID=5524
/LaVistaABFT,https://afsp.wufoo.com/forms/z1qjfq0x0xfflce/
/law-enforcement-suicide-how-police-and-first-responders-can-support-one-anothers-mental-health,/story/law-enforcement-suicide-how-police-and-first-responders-can-support-one-another-s
/lawalk,https://afsp.donordrive.com/event/lawalk
/LCCC,https://afsp.donordrive.com/event/LCCC
/le-implementation,https://docs.google.com/forms/d/e/1FAIpQLScmNtGYe4bI84f2YjkiGLX1NIDGVvdrh5LNxNzvO9lVB77okA/viewform
/leavittareahs,https://afsp.donordrive.com/event/leavittareahs
/Lebanon,https://afsp.donordrive.com/event/Lebanon
/leidos,https://Afsp.donordrive.com/index.cfm?fuseaction=DonorDrive.team&teamID=223112
/Lewistown,https://afsp.donordrive.com/event/Lewistown
/LewistownHikeforHope,https://afsp.donordrive.com/index.cfm?fuseaction=donorDrive.event&eventID=6451
/lgbt,/lgbtq-suicide-and-suicide-risk
/LGBTbooklet,https://lgbtmap.org/talking-about-suicide-and-lgbt-populations
/lgbtq,/lgbtq-suicide-and-suicide-risk
/lgbtqconferences,/stronger-communities-lgbtq-suicide-prevention
/lgbtqnyeval,https://www.surveymonkey.com/r/5SH32F7
/LGBTQsceval,https://www.surveymonkey.com/r/TQX5DF6
/li,https://afsp.donordrive.com/event/li
/LifelineWebinar,https://register.gotowebinar.com/register/3684534234397168653
/lifesaver-blog,/blog
/lifesaver-news,/blog
/liloop,https://afsp.donordrive.com/event/liloop
/littlerock,https://afsp.donordrive.com/event/littlerock
/LivedExperienceFL,https://eventbrite.com/e/practical-guidance-for-supporting-someone-at-risk-tickets-65532803379
/LivedExperienceMT,https://MissoulaLE.eventbrite.com
/livestream,/stream-for-afsp
/LocalRequestForm,https://afsp.wufoo.com/forms/zq9mm6l18jaf8s/
/logansport,https://afsp.donordrive.com/event/logansport
/longisland,/chapter/new-york-long-island
/LongIslandwalk,https://afsp.donordrive.com/event/LI
/longwood,https://afsp.donordrive.com/event/longwood
/lorain,https://afsp.donordrive.com/event/lorain
/lorainccc,https://afsp.donordrive.com/event/lorainccc
/losangeles,/chapter/greater-los-angeles
/losing-a-friend-to-suicide-at-a-young-age,/story/losing-a-friend-to-suicide-at-a-young-age
/loss,/ive-lost-someone
/lossandhealing,/ive-lost-someone
/LossResources,/ive-lost-someone
/Loudoun,https://afsp.donordrive.com/event/loudoun
/louisiana,/chapter/louisiana
/louisville,https://afsp.donordrive.com/event/louisville
/loveandlightkbk,https://afsp.donordrive.com/index.cfm?fuseaction=donorDrive.event&eventID=6596
/LowerMoreland,https://afsp.donordrive.com/event/LowerMoreland
/lubbock,https://afsp.donordrive.com/event/lubbock
/LycomingCounty,https://afsp.donordrive.com/event/LycomingCounty
/lynchburg,https://afsp.donordrive.com/event/lynchburg
/MacombIL,https://afsp.donordrive.com/event/MacombIL
/macon,https://afsp.donordrive.com/event/macon
/madelia?,https://afsp.donordrive.com/event/madelia
/madison,https://afsp.donordrive.com/index.cfm?fuseaction=donorDrive.event&eventID=5044
/MadisonCoNY,https://afsp.donordrive.com/event/MadisonCoNY
/madisonil,https://afsp.donordrive.com/event/madisonil
/madisonin,https://afsp.donordrive.com/event/madisonin
/madisonlgbtq,https://afsp.wufoo.com/forms/zrxn90w1ccg8zy/
/MadisonSBCTP,https://afsp.wufoo.com/forms/znxfruw05wmbli/
/madisonville,https://afsp.donordrive.com/event/madisonville
/MadisonWorkshop,https://afsp.wufoo.com/forms/z662xi30wmrxpg/
/maine,/chapter/maine
/manageyourgrant,/apply-for-or-manage-your-research-grant
/manassas,https://afsp.donordrive.com/event/manassas
/manchester,https://afsp.donordrive.com/event/manchester
/mankato?,https://afsp.donordrive.com/event/mankato
/marquettecounty,https://afsp.donordrive.com/event/marquettecounty
/marshallhs,https://afsp.donordrive.com/event/marshallhs
/martin,https://afsp.donordrive.com/event/martin
/maryland,/chapter/maryland
/marywood,https://afsp.donordrive.com/event/marywood
/masoncity,https://afsp.donordrive.com/event/masoncity
/masoncityride,https://afsp.donordrive.com/event/masoncityride
/massachusetts,/chapter/massachusetts
/masschapter,https://afsp.donordrive.com/event/masschapter
/matching,/matching-gifts
/matchinggifts,/matching-gifts
/MATraining,https://afsp.wufoo.com/forms/sbct-newton-ma-2218/
/MatSuValley,https://afsp.donordrive.com/event/matsuvalley
/maui,https://afsp.donordrive.com/event/maui
/mawalks,https://afsp.donordrive.com/index.cfm?fuseaction=donorDrive.eventList&eventGroupID=9AA117B3-F522-BB6D-359D1AA2D75A7958&state=MA
/mcgavockhs,https://afsp.donordrive.com/event/McGavockHS
/McHenry,https://afsp.donordrive.com/event/mchenry
/mcm-?ncac,https://afsp.donordrive.com/index.cfm?fuseaction=donorDrive.event&eventID=6425
/mcmncac,https://afsp.donordrive.com/index.cfm?fuseaction=donorDrive.event&eventID=6925
/md-mcm,https://afsp.donordrive.com/index.cfm?fuseaction=donorDrive.event&eventID=5648
/MDPawsforPrevention,https://afsp.donordrive.com/event/MDPawsforPrevention
/medford,https://afsp.donordrive.com/event/medford
/media,/for-journalists
/memorials,https://afsp.donordrive.com/index.cfm?fuseaction=donorDrive.personalCampaignList&eventID=2043
/memphis,https://afsp.donordrive.com/event/memphis
/memphis-midsouth,/chapter/tennessee
/MerchSuggestion,https://afsp.wufoo.com/forms/store-merchandise-suggestion-form/
/MerchSuggestions,https://afsp.wufoo.com/forms/store-merchandise-suggestion-form/
/meriden,https://afsp.donordrive.com/event/Meriden
/MerrimackValley,https://afsp.donordrive.com/event/MerrimackValley
/MetroDetroit,https://afsp.donordrive.com/event/MetroDetroit
/metrodetroitannarbor,/chapter/michigan
/MetroState,https://afsp.donordrive.com/event/MetroState
/mhs,https://afsp.donordrive.com/event/mhs
/miami,https://afsp.donordrive.com/event/miami
/michiana,https://afsp.donordrive.com/event/michiana
/michigan,/chapter/michigan
/midcoastmaine,https://afsp.donordrive.com/event/midcoastmaine
/middleburgh,https://afsp.donordrive.com/event/middleburgh
/middlesexco,https://afsp.donordrive.com/event/middlesexco
/MiddlesexCo,https://afsp.donordrive.com/event/MiddlesexCo
/middletn,/chapter/tennessee
/Middletown,https://afsp.donordrive.com/event/Middletown
/midlandstech,https://afsp.donordrive.com/event/midlandstech
/midmissouri,/chapter/greater-mid-missouri
/MidOhioValley,https://afsp.donordrive.com/event/MidOhioValley
/midshoremd,https://afsp.donordrive.com/event/midshoremd
/milbank,https://afsp.donordrive.com/event/milbank
/milwaukee,https://afsp.donordrive.com/event/milwaukee
/minot,https://afsp.donordrive.com/event/minot
/MinotRide,https://afsp.donordrive.com/event/NIMCRIDE
/mississippi,/chapter/mississippi
/missoula,https://afsp.donordrive.com/event/missoula
/MissouriSBCTP,https://afsp.wufoo.com/forms/sbct-berkeley-mo-11819/
/MissouriWorkshop,https://afsp.wufoo.com/forms/workshop-for-survivors-of-suicide-loss-missouri/
/mitchellswayze,https://afsp.donordrive.com/index.cfm?fuseaction=donordrive.personalCampaign&participantID=1955496
/mobridgepollock,https://afsp.donordrive.com/event/mobridgepollock
/modelschoolpolicy,/model-school-policy-on-suicide-prevention
/modesto,https://afsp.donordrive.com/event/modesto
/mogadore,https://afsp.donordrive.com/event/mogadore
/MohawkValley,https://afsp.donordrive.com/event/MohawkValley
/monroeil,https://afsp.donordrive.com/event/monroeil
/MontAL,https://afsp.donordrive.com/event/montAL
/montana,/chapter/montana
/montanaparticipant,https://docs.google.com/forms/d/e/1FAIpQLSdvCpZB86HlNQlJ6FE8MWsp_DbNPxzBiLDW-48FykpBL9eQjg/viewform
/MontgomeryCo,https://afsp.donordrive.com/event/montgomeryco
/morethansad,/more-than-sad
/Morgantown,https://afsp.donordrive.com/event/Morgantown
/mst,https://afsp.donordrive.com/event/mst
/MSU,https://afsp.donordrive.com/event/MSU
/mtairy?,https://afsp.donordrive.com/event/mtairy
/MTSparent,https://www.surveymonkey.com/r/MTS_Parent_Participant
/MTSstudent,https://www.surveymonkey.com/r/MTS_Teen_Participant
/MTSteacher,https://www.surveymonkey.com/r/MTS_ED_Participant
/MTSU,https://afsp.donordrive.com/event/MTSU
/mtsuhike/?$,https://afsp.donordrive.com/event/mtsuhike
/mtwalks,https://afsp.donordrive.com/index.cfm?fuseaction=donorDrive.eventList&eventGroupID=9AA117B3-F522-BB6D-359D1AA2D75A7958&state=MT
/muncie,https://afsp.donordrive.com/event/muncie
/murraycounty/?$,https://afsp.donordrive.com/event/murraycounty
/musicrow,https://afsp.donordrive.com/index.cfm?fuseaction=donorDrive.event&eventID=4230
/MVHS,https://afsp.donordrive.com/event/MVHS
/myrtle,https://afsp.donordrive.com/event/myrtle
/naples,https://afsp.donordrive.com/event/naples
/nashua,https://afsp.donordrive.com/event/nashua
/nashville,https://afsp.donordrive.com/event/nashville
/nassauco,https://afsp.donordrive.com/event/nassauco
/NATCA,https://afsp.donordrive.com/index.cfm?fuseaction=cms.page&id=1509&eventGroupID=9AA117B3-F522-BB6D-359D1AA2D75A7958
/natick,https://afsp.donordrive.com/event/natick
/ncac,/chapter/national-capital-area
/ncac-mcm,https://afsp.donordrive.com/index.cfm?fuseaction=donorDrive.event&eventID=5570
/ncachike,https://afsp.donordrive.com/event/NCACHike
/NCCMonroeCounty,https://afsp.donordrive.com/event/NCCMonroeCounty
/ndeval,https://www.surveymonkey.com/r/V3WCRVB
/NEAR,https://afsp.donordrive.com/event/NEAR
/nebraska,/chapter/nebraska
/NebraskaWalks,https://afsp.donordrive.com/index.cfm?fuseaction=donorDrive.eventList&eventGroupID=9AA117B3-F522-BB6D-359D1AA2D75A7958&state=NE
/NECO,https://afsp.donordrive.com/event/NECO
/negeorgia?,https://afsp.donordrive.com/event/negeorgia
/nemcc,https://afsp.donordrive.com/event/nemcc
/NEPA,https://afsp.donordrive.com/event/NEPA
/nevada,/chapter/nevada
/NewCastle,https://afsp.donordrive.com/event/NewCastle
/newenglandstrategies,https://afsp.wufoo.com/forms/z1ml2j501egkenx/
/newhampshire,/chapter/new-hampshire
/NewHanover,https://afsp.donordrive.com/event/NewHanover
/newjersey,/chapter/new-jersey
/newmexico,/chapter/new-mexico
/newportvt,https://afsp.donordrive.com/event/newportvt
/news,/blog
/NewYork,https://afsp.donordrive.com/index.cfm?fuseaction=cms.page&id=1486&eventGroupID=9AA117B3-F522-BB6D-359D1AA2D75A7958
/NewYorkLGBTQ,https://afsp.wufoo.com/forms/z11ngpo30ne6r6l/
/newyorkparticipant,https://docs.google.com/forms/d/e/1FAIpQLSed2fJA6ilqremGlCHMUAHHJFoqBRCvpeT-d6S_nA-WxgAXrw/viewform
/NHski,https://afsp.donordrive.com/index.cfm?fuseaction=donorDrive.event&eventID=5953
/NHsoulshop,https://afsp.wufoo.com/forms/k1cjzlz61esgbay/
/NHwalks,https://afsp.donordrive.com/index.cfm?fuseaction=donorDrive.eventList&eventGroupID=9AA117B3-F522-BB6D-359D1AA2D75A7958&state=NH
/Niantic,https://afsp.donordrive.com/event/Niantic
/Nisswa,https://afsp.donordrive.com/event/Nisswa
/njlgbtq,https://afsp.wufoo.com/forms/zfp794e0yb6jsq/
/njlgbtqeval,https://forms.gle/JciWKhmbJwKx5EFn7
/njride,https://afsp.donordrive.com/event/NJRide
/NJwalks,https://afsp.donordrive.com/njwalks
/nku,https://afsp.donordrive.com/event/NKU
/NoblesvilleABFT,https://afsp.wufoo.com/forms/znunler13nkarh/
/NOLA,https://afsp.donordrive.com/event/NOLA
/nolensvilleHS,https://afsp.donordrive.com/event/nolensvilleHS
/Norfolk,https://afsp.donordrive.com/event/Norfolk
/NorthAL,https://afsp.donordrive.com/event/northal
/NorthBergen,https://afsp.donordrive.com/event/northbergen
/NorthBrevard,https://afsp.donordrive.com/event/NorthBrevard
/NorthBrevard,https://afsp.donordrive.com/event/NorthBrevard
/northcarolina,/chapter/north-carolina
/northcountry,https://afsp.donordrive.com/event/northcountry
/northdakota,/chapter/north-dakota
/northeastern,https://afsp.donordrive.com/event/northeastern
/northernct,/chapter/connecticut
/northernnewjersey,/chapter/new-jersey
/NorthernPanhandleWV,https://afsp.donordrive.com/event/NorthernPanhandleWV
/northfl,/chapter/north-florida
/northflorida,/chapter/north-florida
/NorthPlatte,https://afsp.donordrive.com/event/NorthPlatte
/northshore,https://afsp.donordrive.com/event/northshore
/northtexas,/chapter/north-texas
/NorthwestNJ,https://afsp.donordrive.com/event/NorthwestNJ
/nwacc,https://afsp.donordrive.com/event/nwacc
/nwaridetofightsuicide,https://afsp.donordrive.com/event/NWARideToFightSuicide
/NWIndiana,https://afsp.donordrive.com/event/nwindiana
/nwla,https://afsp.donordrive.com/event/nwla
/nwmo?,https://afsp.donordrive.com/event/nwmo
/nyc,/chapter/new-york-city
/nycwalk,https://afsp.donordrive.com/event/nycwalk
/oahu,https://afsp.donordrive.com/event/oahu
/oakland,https://afsp.donordrive.com/event/oakland
/Oakley,https://afsp.donordrive.com/event/oakley
/ocala,https://afsp.donordrive.com/event/ocala
/oceancity,https://afsp.donordrive.com/event/oceancity
/ocparty,https://afsp.donordrive.com/index.cfm?fuseaction=donorDrive.event&eventID=7022
/odu,https://afsp.donordrive.com/event/odu
/ohio,/chapter/ohio
/ojibwa,https://afsp.donordrive.com/event/ojibwa
/OKC,https://afsp.donordrive.com/event/okc
/oklahoma,/chapter/oklahoma
/olean,https://afsp.donordrive.com/event/olean
/olivebranch,https://afsp.donordrive.com/event/olivebranch
/olivetcollege,https://afsp.donordrive.com/event/olivetcollege
/olympia,https://afsp.donordrive.com/event/olympia
/omaha,https://afsp.donordrive.com/event/omaha
/Oneonta,https://afsp.donordrive.com/event/oneonta
/OneValley,https://afsp.donordrive.com/event/OneValley
/OnslowCounty,https://afsp.donordrive.com/event/onslowcounty
/onu,https://afsp.donordrive.com/event/onu
/OOTD,https://afsp.donordrive.com/index.cfm?fuseaction=cms.page&id=1370
/openhearts,https://colorstreet.com/home/product/FDG303
/OPHS,https://afsp.donordrive.com/event/OPHS
/orangecounty,/chapter/orange-county
/OrangeCountyNY,https://afsp.donordrive.com/event/OrangeCountyNY
/OrangeCountyWalk,https://afsp.donordrive.com/event/OrangeCountyWalk
/oregon,/chapter/oregon
/OregonState,https://afsp.donordrive.com/event/OregonState
/orlando,https://afsp.donordrive.com/event/orlando
/OrlandoRide,https://afsp.donordrive.com/index.cfm?fuseaction=donorDrive.event&eventID=6370
/orlandoride,https://afsp.donordrive.com/index.cfm?fuseaction=donorDrive.event&eventID=6370
/orlandoride,https://afsp.donordrive.com/index.cfm?fuseaction=donorDrive.event&eventID=6610
/orlandoride17,https://afsp.donordrive.com/event/orlandoride17
/osu,https://afsp.donordrive.com/event/osu
/Ouachita,https://afsp.donordrive.com/event/Ouachita
/our-work,/about-afsp
/our-work/advocacy,/advocate-for-suicide-prevention
/our-work/advocacy/action-center,/public-policy-action-center
/our-work/advocacy/advocacy-events/state-capitol-days,/public-policy-events
/our-work/advocacy/become-an-advocate,/become-a-suicide-prevention-public-policy-advocate
/our-work/advocacy/public-policy-priorities/suicide-prevention-in-schools,/suicide-prevention-in-k-12-schools
/our-work/chapters,/find-a-local-chapter
/our-work/chapters/find-your-chapter,/find-a-local-chapter
/our-work/education,/school-education-programs-and-resources
/our-work/education/after-a-suicide-a-toolkit-for-schools,/after-a-suicide-a-toolkit-for-schools
/our-work/education/healthcare-professional-burnout-depression-suicide-prevention,/healthcare-professional-burnout-depression-and-suicide-prevention
/our-work/education/mental-health-first-aid-training,/mental-health-first-aid
/our-work/education/model-school-policy-suicide-prevention,/model-school-policy-on-suicide-prevention
/our-work/education/more-than-sad,/more-than-sad
/our-work/education/real-college-students-mental-health,/its-real-college-students-and-mental-health
/our-work/education/talk-saves-lives-introduction-suicide-prevention,/talk-saves-lives
/our-work/interactive-screening-program,/interactive-screening-program
/our-work/loss-healing,/ive-lost-someone
/our-work/loss-healing/long-term-survivors-of-suicide-loss-summit,/long-term-survivors-of-suicide-loss-summit
/our-work/programs,/school-education-programs-and-resources
/our-work/research,/suicide-prevention-research
/our-work/research/grant-information,/research-grant-information
/ourresearchers,/research-grants
/ourwork,/about-afsp
/out-of-the-darkness-walks,https://afsp.donordrive.com
/out-of-the-darkness-walks/campus-walks,https://afsp.donordrive.com/index.cfm?fuseaction=cms.home&eventGroupID=9AA19459-C880-0E26-61312B15147B2E0A&cmsContentSetID=D5C4DC12-C299-258B-B0B6FCF9EF015CE0
/OutoftheDarkness,https://afsp.donordrive.com/index.cfm?fuseaction=cms.page&id=1370
/oxford,https://afsp.donordrive.com/event/oxford
/OxfordOH,https://afsp.donordrive.com/event/OxfordOH
/pace,https://afsp.donordrive.com/event/pace
/PacePLV,https://afsp.donordrive.com/event/PacePLV
/paddle,https://afsp.donordrive.com/index.cfm?fuseaction=donorDrive.event&eventID=4910
/Paddle2019,https://afsp.donordrive.com/event/Paddle2019
/paducah,https://afsp.donordrive.com/event/paducah
/Palatka,https://afsp.donordrive.com/event/Palatka
/palmbeach,https://afsp.donordrive.com/event/PalmBeach
/PalmCoast,https://afsp.donordrive.com/event/palmcoast
/panhandle,/chapter/florida-panhandle
/ParityWebinar,https://register.gotowebinar.com/register/264159168950531595
/parkecounty,https://afsp.donordrive.com/event/parkecounty
/parkhigh,https://afsp.donordrive.com/event/parkhigh
/partnerships,/partners
/pasadena,https://afsp.donordrive.com/event/pasadena
/Pasco,https://afsp.donordrive.com/event/pasco
/PAwalks,https://afsp.donordrive.com/index.cfm?fuseaction=donorDrive.eventList&eventGroupID=9AA117B3-F522-BB6D-359D1AA2D75A7958&state=PA
/PawsforPrevention,"https://afsp.donordrive.com/index.cfm?fuseaction=donorDrive.eventList&eventType=P,T&eventGroupID=9AA1FFD9-F204-0EA0-86A84C4FE272F2F3"
/pawssf,https://afsp.donordrive.com/event/PawsSF
/pawtucket,https://afsp.donordrive.com/event/providence
/pcb,https://afsp.donordrive.com/event/pcb
/pendleton,https://afsp.donordrive.com/event/pendleton
/peninsulahikeforhope,https://afsp.donordrive.com/index.cfm?fuseaction=donorDrive.event&eventID=6297
/Pensacola,https://afsp.donordrive.com/event/pensacola
/peoria,https://afsp.donordrive.com/event/peoria
/PermianBasin,https://afsp.donordrive.com/event/PermianBasin
/perryville,https://afsp.donordrive.com/event/perryville
/personalcampaigns,/ways-to-give-to-afsp#create-your-own-campaign
/philadelphia,/chapter/greater-philadelphia
/philadelphiawalk,https://afsp.donordrive.com/event/PhiladelphiaWalk
/PhillipsAndover,https://afsp.donordrive.com/event/PhillipsAndover
/phillygala,https://afsp.donordrive.com/event/PhillyGala
/phillygala,https://afsp.donordrive.com/index.cfm?fuseaction=donorDrive.event&eventID=6675
/phoenix,https://afsp.donordrive.com/event/phoenix
/photoshare,https://www.dropbox.com/request/WhQKGdP31jppqEpdlX2h
/physician,/healthcare-professional-burnout-depression-and-suicide-prevention
/physicians,/healthcare-professional-burnout-depression-and-suicide-prevention
/PickensHS,https://afsp.donordrive.com/event/PickensHS
/pittsburgh,https://afsp.donordrive.com/event/pittsburgh
/PittState,https://afsp.donordrive.com/event/pittstate
/PlacerCo,https://afsp.donordrive.com/event/PlacerCo
/plattsburgh,https://afsp.donordrive.com/event/plattsburgh
/pleasantgrove?,https://afsp.donordrive.com/event/pleasantgrove
/plymouth,https://afsp.donordrive.com/event/plymouth
/plymouthstate,https://afsp.donordrive.com/event/plymouthstate
/portland,https://afsp.donordrive.com/event/portlandor
/portlandhike4hope/?$,https://afsp.donordrive.com/event/PortlandHike4Hope
/portlandme,https://afsp.donordrive.com/event/portlandme
/PortlandOR,https://afsp.donordrive.com/event/portlandor
/portneufvalley,https://afsp.donordrive.com/event/portneufvalley
/portsmouth,https://afsp.donordrive.com/event/portsmouth
/prairiestate,https://afsp.donordrive.com/event/prairiestate
/Prescott,https://afsp.donordrive.com/event/prescott
/preventionaward,https://www.acep.org/who-we-are/acep-awards/leadership-and-excellence/innovation-in-acute-care-suicide-prevention-award
/priorities,/public-policy-priorities
/ProgramTracker,https://www.surveymonkey.com/r/MQ7CB2K
/project2025,https://project2025.afsp.org
/project2025champion,https://www.surveymonkey.com/r/championapp
/Prosper,https://afsp.donordrive.com/event/Prosper
/providence,https://afsp.donordrive.com/event/providence
/providencela,https://afsp.donordrive.com/index.cfm?fuseaction=donordrive.team&teamID=177371
/prs,https://afsp.donordrive.com/index.cfm?fuseaction=donorDrive.team&teamID=231969
/PSJH,https://afsp.donordrive.com/index.cfm?fuseaction=cms.page&id=1482
/PSJHArcata,https://afsp.donordrive.com/index.cfm?fuseaction=donordrive.team&teamID=177368
/PSJHEverett,https://afsp.donordrive.com/index.cfm?fuseaction=donordrive.team&teamID=178839
/PSJHMissoula,https://afsp.donordrive.com/index.cfm?fuseaction=donordrive.team&teamID=177364
/PSJHOlympia,https://afsp.donordrive.com/index.cfm?fuseaction=donordrive.team&teamID=169229
/PSJHOrangeCounty,https://afsp.donordrive.com/index.cfm?fuseaction=donordrive.team&teamID=177369
/PSJHPacificMedical,https://afsp.donordrive.com/index.cfm?fuseaction=donordrive.team&teamID=182206
/PSJHPortland,https://afsp.donordrive.com/index.cfm?fuseaction=donordrive.team&teamID=177362
/PSJHSantaRosa,https://afsp.donordrive.com/index.cfm?fuseaction=donordrive.team&teamID=177373
/PSJHSeattle,https://afsp.donordrive.com/index.cfm?fuseaction=donordrive.team&teamID=177367
/PSJHSpokane,https://afsp.donordrive.com/index.cfm?fuseaction=donordrive.team&teamID=177361
/psl,https://afsp.donordrive.com/event/TreasureCoast
/publicpolicypriorities,/public-policy-priorities
/purdue,https://afsp.donordrive.com/event/purdue
/putnam,https://afsp.donordrive.com/event/putnam
/QCIllinois,https://afsp.donordrive.com/event/QCIllinois
/QCIowa,https://afsp.donordrive.com/event/QCIowa
/queens,https://afsp.donordrive.com/event/queens
/quilts,/quilt
/quincy,https://afsp.donordrive.com/event/quincy
/radford,https://afsp.donordrive.com/index.cfm?fuseaction=donorDrive.event&eventID=4520
/radfordu,https://afsp.donordrive.com/event/radfordu
/RaleighCounty,https://afsp.donordrive.com/event/RaleighCounty
/RayCounty,https://afsp.donordrive.com/event/RayCounty
/realfilm,/its-real-college-students-and-mental-health
/recovery,/after-an-attempt
/redwing,https://afsp.donordrive.com/event/redwing
/release,https://www.surveymonkey.com/r/afsprelease
/Reno,https://afsp.donordrive.com/event/reno
/reporting,/for-journalists
/research,/what-we-ve-learned-through-research
/researchconnections,/research-connections
/rgv,https://afsp.donordrive.com/event/rgv
/rhodeisland,/chapter/rhode-island
/RHS,https://afsp.donordrive.com/event/RHS
/Richfield,https://afsp.donordrive.com/event/Richfield
/richmond,https://afsp.donordrive.com/event/richmond
/RichmondIN,https://afsp.donordrive.com/event/RichmondIN
/RideToFightSuicide,"https://afsp.donordrive.com/index.cfm?fuseaction=donorDrive.eventList&eventType=P,T&eventGroupID=9AA1FFD9-F204-0EA0-86A84C4FE272F2F3"
/RIO,https://afsp.donordrive.com/event/RIO
/risk-and-protective-factors-for-suicide-among-adolescents-a-look-at-gender-identity-and-sexual-orientation,/story/risk-and-protective-factors-for-suicide-among-adolescents-a-look-at-gender-identi
/riskfactorsandwarningsigns,/risk-factors-and-warning-signs
/RITA,https://afsp.donordrive.com/event/RITA
/RiverValley,https://afsp.donordrive.com/event/RiverValley
/rmu,https://afsp.donordrive.com/event/rmu
/roberts,https://afsp.donordrive.com/event/roberts
/roberts,https://afsp.donordrive.com/event/roberts
/roche,https://afsp.donordrive.com/index.cfm?fuseaction=donorDrive.participant&participantID=2302646
/RochesterMI,https://afsp.donordrive.com/event/rochestermi
/rochesterMN,https://afsp.donordrive.com/event/RochesterMN
/rochesterny,https://afsp.donordrive.com/event/rochesterny
/RochesterSBCTP,https://afsp.wufoo.com/forms/zhc4rhn06c74n6/
/rockford,https://afsp.donordrive.com/event/rockford
/RocklandCounty,https://afsp.donordrive.com/event/rocklandcounty
/RoletteCounty,https://afsp.donordrive.com/event/RoletteCounty
/RoundRockISD,https://afsp.donordrive.com/event/roundrockISD
/rowan,https://afsp.donordrive.com/event/rowan
/rsdmoLafayette,https://afsp.donordrive.com/event/rsdmoLafayette
/RutherfordCounty,https://afsp.donordrive.com/event/rutherfordcounty
/RutlandVT,https://afsp.donordrive.com/event/RutlandVT
/rwu,https://afsp.donordrive.com/event/rwu
/sacramento,/chapter/greater-sacramento
/SacramentoLGBTQ/?$,https://afsp.wufoo.com/forms/zgfaox108rc1lk/
/sacramentowalk,https://afsp.donordrive.com/event/SacramentoWalk
/SafeReporting,https://www.datocms-assets.com/12810/1577098761-recommendations.pdf
/safetyplan,/after-an-attempt#safety-plan
/saintmore,https://afsp.donordrive.com/event/saintmore
/SaintPeters,https://afsp.donordrive.com/event/saintpeters
/Salem-Roanoke,https://afsp.donordrive.com/event/Salem-Roanoke
/SalemOR,https://afsp.donordrive.com/event/SalemOR
/samford,https://afsp.donordrive.com/event/samford
/sanantonio,https://afsp.donordrive.com/event/sanantonio
/sandiego,/chapter/san-diego
/sandiegoparticipant,https://docs.google.com/forms/d/e/1FAIpQLSfzddMMdrPDvsBabQfTmdw3D27Ny-wrvCj7tEokYbV8U15QDA/viewform
/sandiegoparticipant1,https://docs.google.com/forms/d/e/1FAIpQLSez-7y_HBe7mF-cLt3_ubbA1skzuEQLA5NT0bKjMv8nfgcnag/viewform
/SanDiegowalk,https://afsp.donordrive.com/event/sd
/sanjuancounty/?$,https://afsp.donordrive.com/event/sanjuancounty
/SantaBarbara,https://afsp.donordrive.com/event/santabarbara
/SantaClarita,https://afsp.donordrive.com/event/SantaClarita
/santarosa,https://afsp.donordrive.com/event/santarosa
/sarah-barthel-phantogram,/story/losing-my-sister-an-afsp-spotlight-interview-with-sarah-barthel-of-phantogram
/sarasota,https://afsp.donordrive.com/event/sarasota
/saukvalley,https://afsp.donordrive.com/event/saukvalley
/savannah,https://afsp.donordrive.com/event/savannah
/sbctp,/suicide-bereavement-clinician-training
/sbctpclinicians,/suicide-bereavement-trained-clinicians
/sc,/chapter/south-carolina
/schenectady,https://afsp.donordrive.com/event/schenectady
/schools,/after-a-suicide-a-toolkit-for-schools
/scny,/chapter/south-central-new-york
/scottsbluff,https://afsp.donordrive.com/event/scottsbluff
/scu,https://afsp.donordrive.com/event/scu
/sd,https://afsp.donordrive.com/event/sd
/SDattendee18,https://www.surveymonkey.com/r/2SHS8K9
/SDAttendeeReg18,https://www.surveymonkey.com/r/99JL2FB
/SDorganizer18,https://www.surveymonkey.com/r/6CJQ59K
/seattle,https://afsp.donordrive.com/event/seattle
/seattleparty,https://afsp.donordrive.com/event/seattleparty
/Secaucus,https://afsp.donordrive.com/event/secaucus
/SECO,https://afsp.donordrive.com/event/SECO
/selfcareafteraloss,/taking-care-of-yourself
/semo,https://afsp.donordrive.com/event/semo
/sequoia,https://afsp.donordrive.com/index.cfm?fuseaction=cms.page&id=1500&eventID=5544
/sf,https://afsp.donordrive.com/event/sf
/sfbayarea,/chapter/greater-san-francisco
/sgft,https://vimeo.com/339342793
/shareables,/social-shareables
/shastaco,https://afsp.donordrive.com/event/shastaco
/sheridancounty,https://afsp.donordrive.com/event/sheridancounty
/shinedown,https://afsp.donordrive.com/index.cfm?fuseaction=donorDrive.participant&participantID=1797979
/shoals,https://afsp.donordrive.com/event/shoals
/sidney,https://afsp.donordrive.com/event/sidney
/SierraCollege/?$,https://afsp.donordrive.com/event/SierraCollege
/sigeptow,https://afsp.donordrive.com/index.cfm?fuseaction=donorDrive.participant&participantID=1909062
/signs,/risk-factors-and-warning-signs
/signsmatter,/signs-matter-early-detection
/SiouxCity,https://afsp.donordrive.com/event/SiouxCity
/SiouxFalls,https://afsp.donordrive.com/event/siouxfalls
/sipintheparksefl,https://afsp.donordrive.com/event/sipintheparksefl
/siu,https://afsp.donordrive.com/event/siu
/six-mindfulness-tips,/story/six-mindfulness-tips
/sjfc,https://afsp.donordrive.com/event/sjfc
/sjfc?,https://afsp.donordrive.com/event/sjfc
/SJV,https://afsp.donordrive.com/event/sjv
/skidmore,https://afsp.donordrive.com/event/skidmore
/SLC,https://afsp.donordrive.com/event/slc
/slo,https://afsp.donordrive.com/event/slo
/SnakeRiverValley,https://afsp.donordrive.com/event/SnakeRiverValley
/snhu,https://afsp.donordrive.com/event/snhu
/socal,https://afsp.donordrive.com/index.cfm?fuseaction=cms.page&id=1485&eventGroupID=9AA117B3-F522-BB6D-359D1AA2D75A7958&cmsContentSetID=21937E3D-C299-258B-B47FF6955996ED6C
/socialshareables,/social-shareables
/sop,/healing-conversations
/soulshop,/soul-shop
/soulshopal,https://afsp.wufoo.com/forms/m108rxm31ksvcxb/
/soulshopca,https://afsp.wufoo.com/forms/z9lqv31091tlts/
/soulshopma,https://afsp.wufoo.com/forms/msoa861gfp4i7/
/soulshopmd,https://afsp.wufoo.com/forms/zngh76y0h5m2xy/
/soulshopmi,https://afsp.wufoo.com/forms/z1spm5yh1nhzxgz/
/soulshopmo,https://afsp.wufoo.com/forms/z1hthhb701u7o67/
/soulshopnv,https://afsp.wufoo.com/forms/zq8icz91njukur/
/soulshopny?,https://afsp.wufoo.com/forms/m1934wzn0o1rpgj/
/soulshopnyc?,https://afsp.wufoo.com/forms/z12m0esj1jcuhse/
/soulshopoh?,https://afsp.wufoo.com/forms/m1k3vefw0masf9k/
/soulshopor,https://afsp.wufoo.com/forms/zl1osds16zpqac/
/soulshoptn,https://afsp.wufoo.com/forms/z17y3ht0sxbwnw/
/soulshoptx,https://afsp.wufoo.com/forms/z1om3nhi0sd8hlt/
/soulshoptx,https://afsp.wufoo.com/forms/zv739vf0qqq5cb/
/SoulShopYouthMD?,https://afsp.wufoo.com/forms/m1ijn28g0p9vmib/
/SouthBay,https://afsp.donordrive.com/event/SouthBay
/southbaycampus,https://afsp.donordrive.com/event/southbaycampus
/SouthBayCampus,https://afsp.donordrive.com/event/SouthBayCampus
/southcarolina,/chapter/south-carolina
/SouthCarolinaLGBTQ,https://afsp.wufoo.com/forms/z44khrz0vtjjuv/
/southcentralny,/chapter/south-central-new-york
/southcentralpa,/chapter/eastern-pennsylvania
/southdakota,/chapter/south-dakota
/southeastern,https://afsp.donordrive.com/event/southeastern
/southeastflorida,/chapter/southeast-florida
/southeastmn,/chapter/southeast-minnesota
/southeasttexas,/chapter/southeast-texas
/southernconnecticut,/chapter/connecticut
/southernct,/chapter/connecticut
/southernmd,https://afsp.donordrive.com/event/southernmd
/southernwv,https://afsp.donordrive.com/event/southernwv
/southshore,https://afsp.donordrive.com/event/SouthShore
/southtexas,/chapter/south-texas
/southwestflorida,/chapter/southwest-florida
/sparks,https://afsp.donordrive.com/event/sparks
/spartanburg,https://afsp.donordrive.com/event/spartanburg
/specialoccasions,/handling-special-occasions
/spokane,https://afsp.donordrive.com/event/spokane
/SpringfieldIL,https://afsp.donordrive.com/event/SpringfieldIL
/SpringfieldMA,https://afsp.donordrive.com/event/SpringfieldMA
/SpringfieldVT,https://afsp.donordrive.com/event/SpringfieldVT
/sru?,https://afsp.donordrive.com/event/sru
/sshs,https://afsp.donordrive.com/event/sshs
/statecapitoldays,/public-policy-events
/statefacts,/state-fact-sheets
/statefactsheets,/state-fact-sheets
/StatenIsland,https://afsp.donordrive.com/event/statenisland
/statistics,/suicide-statistics
/stats,/suicide-statistics
/StAugustine,https://afsp.donordrive.com/event/StAugustine
/stclair,https://afsp.donordrive.com/event/stclair
/StCloud,https://afsp.donordrive.com/event/StCloud
/StephensCity,https://afsp.donordrive.com/event/StephensCity
/stgeorge,https://afsp.donordrive.com/event/stgeorge
/StJosephMO,https://afsp.donordrive.com/event/StJosephMO
/stjsd/?$,https://afsp.donordrive.com/event/stjsd
/stlawu,https://afsp.donordrive.com/event/stlawu
/stlcop,https://afsp.donordrive.com/event/stlcop
/stlouis,https://afsp.donordrive.com/event/stlouis
/StLouisABFT,https://afsp.wufoo.com/forms/zq8xhbe1d6tvxq/
/StMaryParish,https://afsp.donordrive.com/event/StMaryParish
/store,https://stores.kotisdesign.com/afspexternal
/stories2connect,/share-your-story
/StPaulSBCTP,https://afsp.wufoo.com/forms/z12b8keu0u679or/
/StPaulWorkshop,https://afsp.wufoo.com/forms/zx44v6n09wiukw/
/stpete,https://afsp.donordrive.com/event/stpete
/strasburg,https://afsp.donordrive.com/event/strasburg
/su,https://afsp.donordrive.com/event/su
/Suffolk,https://afsp.donordrive.com/event/Suffolk
/suicide-not-cowardly,/story/suicide-is-not-cowardly
/suicideloss,/ive-lost-someone
/sullivan,https://afsp.donordrive.com/event/sullivan
/SullivanCounty,https://afsp.donordrive.com/event/SullivanCounty
/SummitCo,https://afsp.donordrive.com/event/SummitCo
/sumter,https://afsp.donordrive.com/event/sumter
/sunynp,https://afsp.donordrive.com/event/SUNYnp
/sunyoneonta,https://afsp.donordrive.com/event/sunyoneonta
/sunysuffolk,https://afsp.donordrive.com/event/sunysuffolk
/sunywcc,https://afsp.donordrive.com/event/SUNYWCC
/supported,https://afsp.donordrive.com/index.cfm?fuseaction=donate.event&eventID=6632
/supportgroupfacilitators,/information-for-support-group-facilitators
/supportgroups,/find-a-support-group
/SurfCity,https://afsp.donordrive.com/event/SurfCity
/survivingsuicideloss,/ive-lost-someone
/survivorday,/international-survivors-of-suicide-loss-day
/survivorday-evaluation,https://afsp.wufoo.com/forms/2016-survivor-day-attendee-evaluation/
/survivordayattendee,https://www.surveymonkey.com/r/7CQH58K
/SurvivorDayFilms,/international-survivors-of-suicide-loss-day-documentaries
/survivordayorganizer,https://www.surveymonkey.com/r/9XNXJRH
/survivorsummit,/long-term-survivors-of-suicide-loss-summit
/susanmekenney,https://afsp.donordrive.com/index.cfm?fuseaction=donorDrive.participant&participantID=2300640
/susquehanna,https://afsp.donordrive.com/event/susquehanna
/sutton,https://afsp.donordrive.com/event/sutton
/suu,https://afsp.donordrive.com/event/suu
/suu,https://afsp.donordrive.com/event/suu
/swco,https://afsp.donordrive.com/event/swco
/swfloridayoga,https://afsp.donordrive.com/index.cfm?fuseaction=donorDrive.event&eventID=6570
/SWMI,https://afsp.donordrive.com/event/SWMI
/Syracuse,https://afsp.donordrive.com/event/syracuse
/tacoma,https://afsp.donordrive.com/event/tacoma
/Tahlequah,https://afsp.donordrive.com/event/Tahlequah
/tahoetruckee?,https://afsp.donordrive.com/index.cfm?fuseaction=donorDrive.event&eventID=6860
/take-action,/make-a-difference
/take-action/bring-prevention-school,/bring-suicide-prevention-to-your-school
/take-action/get-training,/get-training
/take-action/give-a-gift,/give-a-gift
/take-action/give-a-gift/donate-to-afsp,/ways-to-give-to-afsp#give-now
/take-action/give-a-gift/in-memory-of,/give-in-memory-or-in-honor
/take-action/give-a-gift/team-afsp,/team-afsp
/takeaction,/make-a-difference
/taking-care-of-your-mental-health-in-the-face-of-uncertainty,/story/taking-care-of-your-mental-health-in-the-face-of-uncertainty
/talk-suicide-loss-survivor-realconvo-guide,/story/how-to-talk-to-a-suicide-loss-survivor-a-realconvo-guide-from-afsp
/talksaveslives,/talk-saves-lives
/tallahassee,https://afsp.donordrive.com/index.cfm?fuseaction=donorDrive.event&eventID=4177
/tampa,/chapter/tampa-bay
/tampasurvivors,https://afsp.wufoo.com/forms/s1nrrydp0cz16a7/
/tampatraining,https://afsp.wufoo.com/forms/so9si551d66euo/
/tampawalk,https://afsp.donordrive.com/event/tampawalk
/tamucc,https://afsp.donordrive.com/event/tamucc
/TasteofHope,https://afsp.donordrive.com/event/TasteofHope
/TaylorCounty/?$,https://afsp.donordrive.com/event/TaylorCounty
/tcbowl,https://afsp.donordrive.com/index.cfm?fuseaction=donorDrive.event&eventID=4405
/tccd,https://afsp.donordrive.com/event/tccd
/TCNJ,https://afsp.donordrive.com/event/TCNJ
/TeamAFSP,/team-afsp
/teamapa,https://afsp.donordrive.com/index.cfm?fuseaction=donorDrive.team&teamID=209699
/teamunity,https://afsp.donordrive.com/index.cfm?fuseaction=donorDrive.teamParticipants&teamID=213940
/tennessee,/chapter/tennessee
/terrehaute,https://afsp.donordrive.com/event/terrehaute
/texarkana,https://afsp.donordrive.com/event/texarkana
/the-interactive-screening-program,/interactive-screening-program
/they-didnt-know-what-to-say,/story/they-didn-t-know-what-to-say
/they-said-it-was-a-heart-attack,/story/they-said-it-was-a-heart-attack
/tippecanoe,https://afsp.donordrive.com/event/tippecanoe
/Titusville,https://afsp.donordrive.com/event/titusville
/toledo,https://afsp.donordrive.com/event/toledo
/topeka,https://afsp.donordrive.com/event/topeka
/towson,https://afsp.donordrive.com/event/towson
/TrainingRequestForm,https://afsp.wufoo.com/forms/p1hgcxa0112l8c3/
/TraverseCity,https://afsp.donordrive.com/event/TraverseCity
/treasurecoast,https://afsp.donordrive.com/event/TreasureCoast
/treasurecoastride,https://afsp.donordrive.com/event/treasurecoastride
/TreasureValley,https://afsp.donordrive.com/event/TreasureValley
/treatment,/find-mental-health-professional
/triad,https://afsp.donordrive.com/event/triad
/TriangleArea,https://afsp.donordrive.com/event/trianglearea
/TriCounty,https://afsp.donordrive.com/event/TriCounty
/TroyBuchananHS,https://afsp.donordrive.com/index.cfm?fuseaction=donorDrive.event&eventID=4551
/TroyWarrentonMaze,https://afsp.donordrive.com/event/TroyWarrentonMaze
/TSLfacilitator,https://www.surveymonkey.com/r/TSL_Facilitator
/TSLparticipant,https://www.surveymonkey.com/r/TSL_Participant
/tslparticipante,https://www.surveymonkey.com/r/M38HGMH
/tstc?,https://afsp.donordrive.com/event/tstc
/tucson,https://afsp.donordrive.com/event/tucson
/tulsa,https://afsp.donordrive.com/event/tulsa
/tupelo,https://afsp.donordrive.com/event/tupelo
/turtleteam2,https://afsp.donordrive.com/team/turtleteam2
/tuscaloosa,https://afsp.donordrive.com/event/tuscaloosa
/tvparty4prevention,https://afsp.donordrive.com/event/TVParty4Prevention
/twincities,https://afsp.donordrive.com/event/twincities
/twinlakes?,https://afsp.donordrive.com/event/twinlakes
/twitch,/stream-for-afsp
/TXsoulshop,https://afsp.wufoo.com/forms/k1xvw2eq0cd6c6j/
/tyler,https://afsp.donordrive.com/event/tyler
/uakron,https://afsp.donordrive.com/event/uakron
/ualbany,https://afsp.donordrive.com/event/ualbany
/ualr,https://afsp.donordrive.com/event/ualr
/uamont,https://afsp.donordrive.com/event/uamont
/uamont,https://afsp.donordrive.com/event/uamont
/uca,https://afsp.donordrive.com/event/uca
/ucdavis,https://afsp.donordrive.com/event/ucdavis
/ucf,https://afsp.donordrive.com/event/ucf
/UCMO,https://afsp.donordrive.com/event/ucmo
/ufl,https://afsp.donordrive.com/event/ufl
/uga,https://afsp.donordrive.com/event/uga
/UH,https://afsp.donordrive.com/event/uh
/uindy,https://afsp.donordrive.com/event/uindy
/uiowa,https://afsp.donordrive.com/event/uiowa
/uky,https://afsp.donordrive.com/event/uky
/ulm,https://afsp.donordrive.com/event/ulm
/umass,https://afsp.donordrive.com/event/umass
/umbc,https://afsp.donordrive.com/event/umbc
/UMD,https://afsp.donordrive.com/event/umd
/umich,https://afsp.donordrive.com/event/umich
/UNC,https://afsp.donordrive.com/event/UNC
/uncc,https://afsp.donordrive.com/event/uncc
/UNCO,https://afsp.donordrive.com/event/UNCO
/UND,https://afsp.donordrive.com/event/UND
/UNI,https://afsp.donordrive.com/event/uni
/unk?,https://afsp.donordrive.com/event/unk
/UNL,https://afsp.donordrive.com/event/unl
/unomaha,https://afsp.donordrive.com/event/UNOmaha
/uofl,https://afsp.donordrive.com/event/UofL
/UofSC,https://afsp.donordrive.com/event/UofSC
/uoregon,https://afsp.donordrive.com/event/UOregon
/usf,https://afsp.donordrive.com/event/usf
/USM,https://afsp.donordrive.com/event/USM
/utah,/chapter/utah
/UtahRide,https://afsp.donordrive.com/event/UtahRide
/UtahTraining,https://esimgt.org/register?event=generations2018
/utahwalks/?$,https://afsp.donordrive.com/index.cfm?fuseaction=donorDrive.eventList&eventGroupID=9AA117B3-F522-BB6D-359D1AA2D75A7958&state=UT
/UtahWorkshop,https://afsp.wufoo.com/forms/z15iceu00gkexpt/
/uva?,https://afsp.donordrive.com/event/uva
/uwlax,https://afsp.donordrive.com/event/UWLAX
/UWMAD,https://afsp.donordrive.com/event/uwmad
/uwstout,https://afsp.donordrive.com/event/uwstout
/uww,https://afsp.donordrive.com/event/uww
/uwyo,https://afsp.donordrive.com/event/uwyo
/vabeach,https://afsp.donordrive.com/event/vabeach
/valdosta,https://afsp.donordrive.com/event/valdosta
/valleycity,https://afsp.donordrive.com/event/valleycity
/vandalia,https://afsp.donordrive.com/event/vandalia
/Vanderbilt,https://afsp.donordrive.com/event/Vanderbilt
/VAPeninsula,https://afsp.donordrive.com/event/VAPeninsula
/vassar?,https://afsp.donordrive.com/event/vassar
/vc,https://afsp.donordrive.com/event/vc
/VCU,https://afsp.donordrive.com/event/VCU
/vegas,https://afsp.donordrive.com/event/vegas
/Ventnor,https://afsp.donordrive.com/event/Ventnor
/vermont,/chapter/vermont
/vermontwalks,"https://afsp.donordrive.com/index.cfm?fuseaction=donorDrive.eventList&eventType=P,T&eventGroupID=9AA117B3-F522-BB6D-359D1AA2D75A7958&state=VT"
/vernal,https://afsp.donordrive.com/event/vernal
/veterinarian,/healthcare-professional-burnout-depression-and-suicide-prevention
/veterinarians,/healthcare-professional-burnout-depression-and-suicide-prevention
/Victoria,https://afsp.donordrive.com/event/Victoria
/virginia,/chapter/virginia
/VirginiaGolf,https://birdeasepro.com/VAGolf
/virginiaparticipant,https://docs.google.com/forms/d/e/1FAIpQLSck1puZg_F0474kVm_FttXQ4u25fvVJaEtl8KQgToGiw_koXA/viewform
/volunteer-appreciation-week,/volunteer-appreciation-week
/volunteerappreciation,/volunteer-appreciation-week
/VolunteerND/?$,https://afsp.wufoo.com/forms/p1dxak3m17s2p0d/
/vpsb,https://afsp.donordrive.com/event/vpsb
/vt,https://afsp.donordrive.com/event/vt
/VVC,https://afsp.donordrive.com/event/VVC
/wabash,https://afsp.donordrive.com/event/wabash
/waco,https://afsp.donordrive.com/event/waco
/walkIL,"https://afsp.donordrive.com/index.cfm?fuseaction=donorDrive.eventList&eventType=P,T&eventGroupID=9AA117B3-F522-BB6D-359D1AA2D75A7958&state=IL"
/walkmanual,https://chapterland.org/operations/walkmanual/
/walknyc,https://afsp.donordrive.com/index.cfm?fuseaction=cms.page&id=1481&eventID=5544
/walks?,https://afsp.donordrive.com/index.cfm?fuseaction=cms.page&id=1385&eventGroupID=9AA117B3-F522-BB6D-359D1AA2D75A7958
/walksc,https://afsp.donordrive.com/index.cfm?fuseaction=donorDrive.eventList&eventGroupID=9AA117B3-F522-BB6D-359D1AA2D75A7958&state=SC
/walkshare,/share-your-walk-photos
/WalkSponsors?,https://afsp.donordrive.com/index.cfm?fuseaction=cms.page&id=1480
/walworth,https://afsp.donordrive.com/event/walworth
/WarnerRobins,https://afsp.donordrive.com/event/wr
/warrensburg,https://afsp.donordrive.com/event/Warrensburg
/warrenton,https://afsp.donordrive.com/event/warrenton
/warwick,https://afsp.donordrive.com/event/warwick
/washington,/chapter/washington
/WashingtonMO,https://afsp.donordrive.com/event/WashingtonMO
/washjeff,https://afsp.donordrive.com/event/washjeff
/watertown,https://afsp.donordrive.com/event/watertown
/wausau,https://afsp.donordrive.com/event/wausau
/WAwalks,https://afsp.donordrive.com/index.cfm?fuseaction=donorDrive.eventList&eventGroupID=9AA117B3-F522-BB6D-359D1AA2D75A7958&state=WA
/waynecomo,https://afsp.donordrive.com/event/WayneCoMO
/WayneCounty,https://afsp.donordrive.com/event/WayneCounty
/waynesburg,https://afsp.donordrive.com/event/waynesburg
/ways-to-give,/give-a-gift
/WCHike19,https://afsp.donordrive.com/event/HikeforHope2019
/WCU,https://afsp.donordrive.com/event/WCU
/weatherford,https://afsp.donordrive.com/event/parkercounty
/weber,https://afsp.donordrive.com/event/weber
/westcentralil,https://afsp.donordrive.com/event/westcentralil
/westchester,/chapter/hudson-valley-westchester
/WestchesterWalk,https://afsp.donordrive.com/event/WestchesterWalk
/westernmass,/chapter/massachusetts
/westernny,/chapter/western-new-york
/westernpa,/chapter/western-pennsylvania
/WesternSlope,https://afsp.donordrive.com/event/WesternSlope
/WestEssex,https://afsp.donordrive.com/event/WestEssex
/westfield,https://afsp.donordrive.com/event/westfield
/WestLiberty,https://afsp.donordrive.com/event/WestLiberty
/westpoint,https://afsp.donordrive.com/event/westpoint
/westport,https://afsp.donordrive.com/event/westport
/westpotomachs,https://afsp.donordrive.com/event/WestPotomacHS
/westvirginia,/chapter/west-virginia
/wethersfieldhs,https://afsp.donordrive.com/event/wethersfieldhs
/wfu,https://afsp.donordrive.com/event/WFU
/whatcomcounty,https://afsp.donordrive.com/event/WhatcomCounty
/when-my-brother-took-his-life-i-wanted-to-follow,/story/when-my-brother-took-his-life-i-wanted-to-follow
/whiteco,https://afsp.donordrive.com/event/whiteco
/Wichita,https://afsp.donordrive.com/event/Wichita
/wichitafalls,https://afsp.donordrive.com/event/wichitafalls
/WilliamsCounty,https://afsp.donordrive.com/event/WilliamsCounty
/williamwoods,https://afsp.donordrive.com/event/williamwoods
/Williston,https://afsp.donordrive.com/event/williston
/willmar,https://afsp.donordrive.com/event/willmar
/Wilmington,https://afsp.donordrive.com/event/Wilmington
/WilmingtonDE,https://afsp.donordrive.com/event/wilmingtonde
/wilson?,https://afsp.donordrive.com/event/wilson
/WinfieldKS,https://afsp.donordrive.com/event/WinfieldKS
/winona,https://afsp.donordrive.com/event/winona
/WinstonSalemArea,https://afsp.donordrive.com/event/WinstonSalemArea
/wisconsin,/chapter/wisconsin
/wisconsinwalks,https://afsp.donordrive.com/index.cfm?fuseaction=donorDrive.eventList&eventGroupID=9AA117B3-F522-BB6D-359D1AA2D75A7958&state=WI
/wm,https://afsp.donordrive.com/event/wm
/wne,https://afsp.donordrive.com/event/wne
/woodsidehikeforhope,https://afsp.donordrive.com/event/WoodsideHikefoHope
/Woodstock,https://afsp.donordrive.com/event/Woodstock
/Woodward,https://afsp.donordrive.com/event/woodward
/wou,https://afsp.donordrive.com/event/wou
/wpunj,https://afsp.donordrive.com/event/wpunj
/WSU,https://afsp.donordrive.com/event/WSU
/wvhikeforhope,https://afsp.donordrive.com/event/wvhikeforhope
/wvu,https://afsp.donordrive.com/event/wvu
/wwhsdc,https://afsp.donordrive.com/event/wwhsdc
/WYHikeforHope,https://afsp.donordrive.com/index.cfm?fuseaction=donorDrive.event&eventID=6411
/wyoming,/chapter/wyoming
/yamhillschools,https://afsp.donordrive.com/event/yamhillschools
/YatesCO,https://afsp.donordrive.com/event/YatesCo
/YellowStoneValley,https://afsp.donordrive.com/event/YellowStoneValley
/yorkcounty/?$,https://afsp.donordrive.com/event/yorkcounty
/youngstown,https://afsp.donordrive.com/event/youngstown
/Ypsilanti,https://afsp.donordrive.com/event/Ypsilanti
/yubasutter,https://afsp.donordrive.com/event/yubasutter